[
    {
        "model": "admin.logentry",
        "pk": 15,
        "fields": {
            "action_time": "2021-10-19T22:11:05.534Z",
            "user": 1,
            "content_type": 1,
            "object_id": "14",
            "object_repr": "Deleted “Pessoa object (1).”",
            "action_flag": 3,
            "change_message": ""
        }
    },
    {
        "model": "admin.logentry",
        "pk": 16,
        "fields": {
            "action_time": "2021-10-19T22:11:05.538Z",
            "user": 1,
            "content_type": 1,
            "object_id": "13",
            "object_repr": "Deleted “Pagamentos object (1).”",
            "action_flag": 3,
            "change_message": ""
        }
    },
    {
        "model": "admin.logentry",
        "pk": 17,
        "fields": {
            "action_time": "2021-10-19T22:11:05.542Z",
            "user": 1,
            "content_type": 1,
            "object_id": "12",
            "object_repr": "Deleted “Endereco object (1).”",
            "action_flag": 3,
            "change_message": ""
        }
    },
    {
        "model": "admin.logentry",
        "pk": 18,
        "fields": {
            "action_time": "2021-10-19T22:11:05.544Z",
            "user": 1,
            "content_type": 1,
            "object_id": "11",
            "object_repr": "Deleted “Agendamento object (1).”",
            "action_flag": 3,
            "change_message": ""
        }
    },
    {
        "model": "admin.logentry",
        "pk": 19,
        "fields": {
            "action_time": "2021-10-19T22:11:05.546Z",
            "user": 1,
            "content_type": 1,
            "object_id": "10",
            "object_repr": "Deleted “Servicos object (1).”",
            "action_flag": 3,
            "change_message": ""
        }
    },
    {
        "model": "admin.logentry",
        "pk": 20,
        "fields": {
            "action_time": "2021-10-19T22:11:05.548Z",
            "user": 1,
            "content_type": 1,
            "object_id": "9",
            "object_repr": "Deleted “Servicos object (2).”",
            "action_flag": 3,
            "change_message": ""
        }
    },
    {
        "model": "admin.logentry",
        "pk": 21,
        "fields": {
            "action_time": "2021-10-19T22:11:05.549Z",
            "user": 1,
            "content_type": 1,
            "object_id": "8",
            "object_repr": "Deleted “Servicos object (3).”",
            "action_flag": 3,
            "change_message": ""
        }
    },
    {
        "model": "admin.logentry",
        "pk": 22,
        "fields": {
            "action_time": "2021-10-19T22:11:05.551Z",
            "user": 1,
            "content_type": 1,
            "object_id": "7",
            "object_repr": "Added “Agendamento object (1)”.",
            "action_flag": 3,
            "change_message": ""
        }
    },
    {
        "model": "admin.logentry",
        "pk": 23,
        "fields": {
            "action_time": "2021-10-19T22:11:05.554Z",
            "user": 1,
            "content_type": 1,
            "object_id": "6",
            "object_repr": "Added “Pagamentos object (1)”.",
            "action_flag": 3,
            "change_message": ""
        }
    },
    {
        "model": "admin.logentry",
        "pk": 24,
        "fields": {
            "action_time": "2021-10-19T22:11:05.556Z",
            "user": 1,
            "content_type": 1,
            "object_id": "5",
            "object_repr": "Added “Pessoa object (1)”.",
            "action_flag": 3,
            "change_message": ""
        }
    },
    {
        "model": "admin.logentry",
        "pk": 25,
        "fields": {
            "action_time": "2021-10-19T22:11:05.558Z",
            "user": 1,
            "content_type": 1,
            "object_id": "4",
            "object_repr": "Added “Endereco object (1)”.",
            "action_flag": 3,
            "change_message": ""
        }
    },
    {
        "model": "admin.logentry",
        "pk": 26,
        "fields": {
            "action_time": "2021-10-19T22:11:05.561Z",
            "user": 1,
            "content_type": 1,
            "object_id": "3",
            "object_repr": "Added “Servicos object (3)”.",
            "action_flag": 3,
            "change_message": ""
        }
    },
    {
        "model": "admin.logentry",
        "pk": 27,
        "fields": {
            "action_time": "2021-10-19T22:11:05.564Z",
            "user": 1,
            "content_type": 1,
            "object_id": "2",
            "object_repr": "Added “Servicos object (2)”.",
            "action_flag": 3,
            "change_message": ""
        }
    },
    {
        "model": "admin.logentry",
        "pk": 28,
        "fields": {
            "action_time": "2021-10-19T22:11:05.566Z",
            "user": 1,
            "content_type": 1,
            "object_id": "1",
            "object_repr": "Added “Servicos object (1)”.",
            "action_flag": 3,
            "change_message": ""
        }
    },
    {
        "model": "admin.logentry",
        "pk": 29,
        "fields": {
            "action_time": "2021-10-19T22:15:52.001Z",
            "user": 1,
            "content_type": 7,
            "object_id": "2",
            "object_repr": "Endereco object (2)",
            "action_flag": 1,
            "change_message": "[{\"added\": {}}]"
        }
    },
    {
        "model": "admin.logentry",
        "pk": 30,
        "fields": {
            "action_time": "2021-10-19T22:15:59.383Z",
            "user": 1,
            "content_type": 10,
            "object_id": "2",
            "object_repr": "Pessoa object (2)",
            "action_flag": 1,
            "change_message": "[{\"added\": {}}]"
        }
    },
    {
        "model": "admin.logentry",
        "pk": 31,
        "fields": {
            "action_time": "2021-10-19T22:16:25.427Z",
            "user": 1,
            "content_type": 10,
            "object_id": "2",
            "object_repr": "Pessoa object (2)",
            "action_flag": 2,
            "change_message": "[{\"changed\": {\"fields\": [\"Gerente\", \"Funcion\\u00e1rio\"]}}]"
        }
    },
    {
        "model": "admin.logentry",
        "pk": 32,
        "fields": {
            "action_time": "2021-10-19T22:16:58.175Z",
            "user": 1,
            "content_type": 7,
            "object_id": "2",
            "object_repr": "Endereco object (2)",
            "action_flag": 3,
            "change_message": ""
        }
    },
    {
        "model": "admin.logentry",
        "pk": 33,
        "fields": {
            "action_time": "2021-10-19T22:18:04.545Z",
            "user": 1,
            "content_type": 10,
            "object_id": "2",
            "object_repr": "Pessoa object (2)",
            "action_flag": 3,
            "change_message": ""
        }
    },
    {
        "model": "admin.logentry",
        "pk": 34,
        "fields": {
            "action_time": "2021-10-19T22:20:20.158Z",
            "user": 1,
            "content_type": 7,
            "object_id": "3",
            "object_repr": "Endereco object (3)",
            "action_flag": 1,
            "change_message": "[{\"added\": {}}]"
        }
    },
    {
        "model": "admin.logentry",
        "pk": 35,
        "fields": {
            "action_time": "2021-10-19T22:20:29.231Z",
            "user": 1,
            "content_type": 10,
            "object_id": "3",
            "object_repr": "Pessoa object (3)",
            "action_flag": 1,
            "change_message": "[{\"added\": {}}]"
        }
    },
    {
        "model": "admin.logentry",
        "pk": 36,
        "fields": {
            "action_time": "2021-10-19T22:21:46.912Z",
            "user": 1,
            "content_type": 7,
            "object_id": "4",
            "object_repr": "Endereco object (4)",
            "action_flag": 1,
            "change_message": "[{\"added\": {}}]"
        }
    },
    {
        "model": "admin.logentry",
        "pk": 37,
        "fields": {
            "action_time": "2021-10-19T22:22:45.526Z",
            "user": 1,
            "content_type": 7,
            "object_id": "5",
            "object_repr": "Endereco object (5)",
            "action_flag": 1,
            "change_message": "[{\"added\": {}}]"
        }
    },
    {
        "model": "admin.logentry",
        "pk": 38,
        "fields": {
            "action_time": "2021-10-19T22:22:49.194Z",
            "user": 1,
            "content_type": 10,
            "object_id": "4",
            "object_repr": "Pessoa object (4)",
            "action_flag": 1,
            "change_message": "[{\"added\": {}}]"
        }
    },
    {
        "model": "admin.logentry",
        "pk": 39,
        "fields": {
            "action_time": "2021-10-19T22:23:56.244Z",
            "user": 1,
            "content_type": 10,
            "object_id": "4",
            "object_repr": "Pessoa object (4)",
            "action_flag": 3,
            "change_message": ""
        }
    },
    {
        "model": "admin.logentry",
        "pk": 40,
        "fields": {
            "action_time": "2021-10-19T22:26:33.524Z",
            "user": 1,
            "content_type": 7,
            "object_id": "6",
            "object_repr": "Endereco object (6)",
            "action_flag": 1,
            "change_message": "[{\"added\": {}}]"
        }
    },
    {
        "model": "admin.logentry",
        "pk": 41,
        "fields": {
            "action_time": "2021-10-19T22:27:00.613Z",
            "user": 1,
            "content_type": 10,
            "object_id": "5",
            "object_repr": "Pessoa object (5)",
            "action_flag": 1,
            "change_message": "[{\"added\": {}}]"
        }
    },
    {
        "model": "admin.logentry",
        "pk": 42,
        "fields": {
            "action_time": "2021-10-19T22:28:15.715Z",
            "user": 1,
            "content_type": 10,
            "object_id": "3",
            "object_repr": "Pessoa object (3)",
            "action_flag": 2,
            "change_message": "[{\"changed\": {\"fields\": [\"Funcionario Ativo\"]}}]"
        }
    },
    {
        "model": "admin.logentry",
        "pk": 43,
        "fields": {
            "action_time": "2021-10-19T22:39:41.396Z",
            "user": 1,
            "content_type": 7,
            "object_id": "7",
            "object_repr": "Endereco object (7)",
            "action_flag": 1,
            "change_message": "[{\"added\": {}}]"
        }
    },
    {
        "model": "admin.logentry",
        "pk": 44,
        "fields": {
            "action_time": "2021-10-19T22:39:46.792Z",
            "user": 1,
            "content_type": 10,
            "object_id": "6",
            "object_repr": "Pessoa object (6)",
            "action_flag": 1,
            "change_message": "[{\"added\": {}}]"
        }
    },
    {
        "model": "admin.logentry",
        "pk": 45,
        "fields": {
            "action_time": "2021-10-19T22:45:08.627Z",
            "user": 1,
            "content_type": 7,
            "object_id": "8",
            "object_repr": "Endereco object (8)",
            "action_flag": 1,
            "change_message": "[{\"added\": {}}]"
        }
    },
    {
        "model": "admin.logentry",
        "pk": 46,
        "fields": {
            "action_time": "2021-10-19T22:45:28.472Z",
            "user": 1,
            "content_type": 10,
            "object_id": "7",
            "object_repr": "Pessoa object (7)",
            "action_flag": 1,
            "change_message": "[{\"added\": {}}]"
        }
    },
    {
        "model": "admin.logentry",
        "pk": 47,
        "fields": {
            "action_time": "2021-10-19T22:52:57.889Z",
            "user": 1,
            "content_type": 7,
            "object_id": "9",
            "object_repr": "Endereco object (9)",
            "action_flag": 1,
            "change_message": "[{\"added\": {}}]"
        }
    },
    {
        "model": "admin.logentry",
        "pk": 48,
        "fields": {
            "action_time": "2021-10-19T22:53:11.707Z",
            "user": 1,
            "content_type": 10,
            "object_id": "8",
            "object_repr": "Pessoa object (8)",
            "action_flag": 1,
            "change_message": "[{\"added\": {}}]"
        }
    },
    {
        "model": "admin.logentry",
        "pk": 49,
        "fields": {
            "action_time": "2021-10-19T23:00:31.708Z",
            "user": 1,
            "content_type": 7,
            "object_id": "10",
            "object_repr": "Endereco object (10)",
            "action_flag": 1,
            "change_message": "[{\"added\": {}}]"
        }
    },
    {
        "model": "admin.logentry",
        "pk": 50,
        "fields": {
            "action_time": "2021-10-19T23:00:56.156Z",
            "user": 1,
            "content_type": 10,
            "object_id": "9",
            "object_repr": "Pessoa object (9)",
            "action_flag": 1,
            "change_message": "[{\"added\": {}}]"
        }
    },
    {
        "model": "admin.logentry",
        "pk": 51,
        "fields": {
            "action_time": "2021-10-19T23:01:09.209Z",
            "user": 1,
            "content_type": 7,
            "object_id": "11",
            "object_repr": "Endereco object (11)",
            "action_flag": 1,
            "change_message": "[{\"added\": {}}]"
        }
    },
    {
        "model": "admin.logentry",
        "pk": 52,
        "fields": {
            "action_time": "2021-10-19T23:01:14.517Z",
            "user": 1,
            "content_type": 10,
            "object_id": "10",
            "object_repr": "Pessoa object (10)",
            "action_flag": 1,
            "change_message": "[{\"added\": {}}]"
        }
    },
    {
        "model": "admin.logentry",
        "pk": 53,
        "fields": {
            "action_time": "2021-10-19T23:04:46.973Z",
            "user": 1,
            "content_type": 7,
            "object_id": "12",
            "object_repr": "Endereco object (12)",
            "action_flag": 1,
            "change_message": "[{\"added\": {}}]"
        }
    },
    {
        "model": "admin.logentry",
        "pk": 54,
        "fields": {
            "action_time": "2021-10-19T23:05:02.108Z",
            "user": 1,
            "content_type": 10,
            "object_id": "11",
            "object_repr": "Pessoa object (11)",
            "action_flag": 1,
            "change_message": "[{\"added\": {}}]"
        }
    },
    {
        "model": "admin.logentry",
        "pk": 55,
        "fields": {
            "action_time": "2021-10-19T23:05:36.535Z",
            "user": 1,
            "content_type": 7,
            "object_id": "13",
            "object_repr": "Endereco object (13)",
            "action_flag": 1,
            "change_message": "[{\"added\": {}}]"
        }
    },
    {
        "model": "admin.logentry",
        "pk": 56,
        "fields": {
            "action_time": "2021-10-19T23:05:48.367Z",
            "user": 1,
            "content_type": 10,
            "object_id": "12",
            "object_repr": "Pessoa object (12)",
            "action_flag": 1,
            "change_message": "[{\"added\": {}}]"
        }
    },
    {
        "model": "admin.logentry",
        "pk": 57,
        "fields": {
            "action_time": "2021-10-19T23:06:22.805Z",
            "user": 1,
            "content_type": 7,
            "object_id": "14",
            "object_repr": "Endereco object (14)",
            "action_flag": 1,
            "change_message": "[{\"added\": {}}]"
        }
    },
    {
        "model": "admin.logentry",
        "pk": 58,
        "fields": {
            "action_time": "2021-10-19T23:06:35.273Z",
            "user": 1,
            "content_type": 10,
            "object_id": "13",
            "object_repr": "Pessoa object (13)",
            "action_flag": 1,
            "change_message": "[{\"added\": {}}]"
        }
    },
    {
        "model": "admin.logentry",
        "pk": 59,
        "fields": {
            "action_time": "2021-10-19T23:08:17.740Z",
            "user": 1,
            "content_type": 7,
            "object_id": "15",
            "object_repr": "Endereco object (15)",
            "action_flag": 1,
            "change_message": "[{\"added\": {}}]"
        }
    },
    {
        "model": "admin.logentry",
        "pk": 60,
        "fields": {
            "action_time": "2021-10-19T23:09:09.483Z",
            "user": 1,
            "content_type": 10,
            "object_id": "14",
            "object_repr": "Pessoa object (14)",
            "action_flag": 1,
            "change_message": "[{\"added\": {}}]"
        }
    },
    {
        "model": "admin.logentry",
        "pk": 61,
        "fields": {
            "action_time": "2021-10-19T23:09:22.339Z",
            "user": 1,
            "content_type": 7,
            "object_id": "16",
            "object_repr": "Endereco object (16)",
            "action_flag": 1,
            "change_message": "[{\"added\": {}}]"
        }
    },
    {
        "model": "admin.logentry",
        "pk": 62,
        "fields": {
            "action_time": "2021-10-19T23:09:39.859Z",
            "user": 1,
            "content_type": 10,
            "object_id": "15",
            "object_repr": "Pessoa object (15)",
            "action_flag": 1,
            "change_message": "[{\"added\": {}}]"
        }
    },
    {
        "model": "admin.logentry",
        "pk": 63,
        "fields": {
            "action_time": "2021-10-19T23:10:34.423Z",
            "user": 1,
            "content_type": 7,
            "object_id": "17",
            "object_repr": "Endereco object (17)",
            "action_flag": 1,
            "change_message": "[{\"added\": {}}]"
        }
    },
    {
        "model": "admin.logentry",
        "pk": 64,
        "fields": {
            "action_time": "2021-10-19T23:10:41.041Z",
            "user": 1,
            "content_type": 10,
            "object_id": "16",
            "object_repr": "Pessoa object (16)",
            "action_flag": 1,
            "change_message": "[{\"added\": {}}]"
        }
    },
    {
        "model": "admin.logentry",
        "pk": 65,
        "fields": {
            "action_time": "2021-10-19T23:11:00.523Z",
            "user": 1,
            "content_type": 7,
            "object_id": "18",
            "object_repr": "Endereco object (18)",
            "action_flag": 1,
            "change_message": "[{\"added\": {}}]"
        }
    },
    {
        "model": "admin.logentry",
        "pk": 66,
        "fields": {
            "action_time": "2021-10-19T23:11:46.202Z",
            "user": 1,
            "content_type": 10,
            "object_id": "17",
            "object_repr": "Pessoa object (17)",
            "action_flag": 1,
            "change_message": "[{\"added\": {}}]"
        }
    },
    {
        "model": "admin.logentry",
        "pk": 67,
        "fields": {
            "action_time": "2021-10-19T23:38:21.877Z",
            "user": 1,
            "content_type": 7,
            "object_id": "5",
            "object_repr": "Endereco object (5)",
            "action_flag": 3,
            "change_message": ""
        }
    },
    {
        "model": "admin.logentry",
        "pk": 68,
        "fields": {
            "action_time": "2021-10-19T23:38:27.219Z",
            "user": 1,
            "content_type": 7,
            "object_id": "4",
            "object_repr": "Endereco object (4)",
            "action_flag": 3,
            "change_message": ""
        }
    },
    {
        "model": "admin.logentry",
        "pk": 69,
        "fields": {
            "action_time": "2021-10-19T23:46:03.726Z",
            "user": 1,
            "content_type": 7,
            "object_id": "19",
            "object_repr": "Endereco object (19)",
            "action_flag": 1,
            "change_message": "[{\"added\": {}}]"
        }
    },
    {
        "model": "admin.logentry",
        "pk": 70,
        "fields": {
            "action_time": "2021-10-19T23:47:33.486Z",
            "user": 1,
            "content_type": 10,
            "object_id": "18",
            "object_repr": "Pessoa object (18)",
            "action_flag": 1,
            "change_message": "[{\"added\": {}}]"
        }
    },
    {
        "model": "admin.logentry",
        "pk": 71,
        "fields": {
            "action_time": "2021-10-19T23:51:28.068Z",
            "user": 1,
            "content_type": 7,
            "object_id": "20",
            "object_repr": "Endereco object (20)",
            "action_flag": 1,
            "change_message": "[{\"added\": {}}]"
        }
    },
    {
        "model": "admin.logentry",
        "pk": 72,
        "fields": {
            "action_time": "2021-10-19T23:51:31.633Z",
            "user": 1,
            "content_type": 10,
            "object_id": "19",
            "object_repr": "Pessoa object (19)",
            "action_flag": 1,
            "change_message": "[{\"added\": {}}]"
        }
    },
    {
        "model": "admin.logentry",
        "pk": 73,
        "fields": {
            "action_time": "2021-10-19T23:54:51.320Z",
            "user": 1,
            "content_type": 7,
            "object_id": "21",
            "object_repr": "Endereco object (21)",
            "action_flag": 1,
            "change_message": "[{\"added\": {}}]"
        }
    },
    {
        "model": "admin.logentry",
        "pk": 74,
        "fields": {
            "action_time": "2021-10-19T23:54:57.138Z",
            "user": 1,
            "content_type": 10,
            "object_id": "20",
            "object_repr": "Pessoa object (20)",
            "action_flag": 1,
            "change_message": "[{\"added\": {}}]"
        }
    },
    {
        "model": "admin.logentry",
        "pk": 75,
        "fields": {
            "action_time": "2021-10-20T00:00:36.218Z",
            "user": 1,
            "content_type": 7,
            "object_id": "22",
            "object_repr": "Endereco object (22)",
            "action_flag": 1,
            "change_message": "[{\"added\": {}}]"
        }
    },
    {
        "model": "admin.logentry",
        "pk": 76,
        "fields": {
            "action_time": "2021-10-20T00:00:44.739Z",
            "user": 1,
            "content_type": 10,
            "object_id": "21",
            "object_repr": "Pessoa object (21)",
            "action_flag": 1,
            "change_message": "[{\"added\": {}}]"
        }
    },
    {
        "model": "admin.logentry",
        "pk": 77,
        "fields": {
            "action_time": "2021-10-20T00:04:00.801Z",
            "user": 1,
            "content_type": 7,
            "object_id": "23",
            "object_repr": "Endereco object (23)",
            "action_flag": 1,
            "change_message": "[{\"added\": {}}]"
        }
    },
    {
        "model": "admin.logentry",
        "pk": 78,
        "fields": {
            "action_time": "2021-10-20T00:04:02.215Z",
            "user": 1,
            "content_type": 10,
            "object_id": "22",
            "object_repr": "Pessoa object (22)",
            "action_flag": 1,
            "change_message": "[{\"added\": {}}]"
        }
    },
    {
        "model": "admin.logentry",
        "pk": 79,
        "fields": {
            "action_time": "2021-10-20T00:07:10.047Z",
            "user": 1,
            "content_type": 7,
            "object_id": "24",
            "object_repr": "Endereco object (24)",
            "action_flag": 1,
            "change_message": "[{\"added\": {}}]"
        }
    },
    {
        "model": "admin.logentry",
        "pk": 80,
        "fields": {
            "action_time": "2021-10-20T00:07:15.359Z",
            "user": 1,
            "content_type": 10,
            "object_id": "23",
            "object_repr": "Pessoa object (23)",
            "action_flag": 1,
            "change_message": "[{\"added\": {}}]"
        }
    },
    {
        "model": "admin.logentry",
        "pk": 81,
        "fields": {
            "action_time": "2021-10-20T00:19:34.700Z",
            "user": 1,
            "content_type": 7,
            "object_id": "25",
            "object_repr": "Endereco object (25)",
            "action_flag": 1,
            "change_message": "[{\"added\": {}}]"
        }
    },
    {
        "model": "admin.logentry",
        "pk": 82,
        "fields": {
            "action_time": "2021-10-20T00:19:40.337Z",
            "user": 1,
            "content_type": 10,
            "object_id": "24",
            "object_repr": "Pessoa object (24)",
            "action_flag": 1,
            "change_message": "[{\"added\": {}}]"
        }
    },
    {
        "model": "admin.logentry",
        "pk": 83,
        "fields": {
            "action_time": "2021-10-20T00:21:32.285Z",
            "user": 1,
            "content_type": 7,
            "object_id": "26",
            "object_repr": "Endereco object (26)",
            "action_flag": 1,
            "change_message": "[{\"added\": {}}]"
        }
    },
    {
        "model": "admin.logentry",
        "pk": 84,
        "fields": {
            "action_time": "2021-10-20T00:21:32.353Z",
            "user": 1,
            "content_type": 7,
            "object_id": "27",
            "object_repr": "Endereco object (27)",
            "action_flag": 1,
            "change_message": "[{\"added\": {}}]"
        }
    },
    {
        "model": "admin.logentry",
        "pk": 85,
        "fields": {
            "action_time": "2021-10-20T00:21:35.612Z",
            "user": 1,
            "content_type": 10,
            "object_id": "25",
            "object_repr": "Pessoa object (25)",
            "action_flag": 1,
            "change_message": "[{\"added\": {}}]"
        }
    },
    {
        "model": "admin.logentry",
        "pk": 86,
        "fields": {
            "action_time": "2021-10-20T00:23:59.871Z",
            "user": 1,
            "content_type": 7,
            "object_id": "28",
            "object_repr": "Endereco object (28)",
            "action_flag": 1,
            "change_message": "[{\"added\": {}}]"
        }
    },
    {
        "model": "admin.logentry",
        "pk": 87,
        "fields": {
            "action_time": "2021-10-20T00:24:01.395Z",
            "user": 1,
            "content_type": 10,
            "object_id": "26",
            "object_repr": "Pessoa object (26)",
            "action_flag": 1,
            "change_message": "[{\"added\": {}}]"
        }
    },
    {
        "model": "admin.logentry",
        "pk": 88,
        "fields": {
            "action_time": "2021-10-20T00:26:25.894Z",
            "user": 1,
            "content_type": 7,
            "object_id": "29",
            "object_repr": "Endereco object (29)",
            "action_flag": 1,
            "change_message": "[{\"added\": {}}]"
        }
    },
    {
        "model": "admin.logentry",
        "pk": 89,
        "fields": {
            "action_time": "2021-10-20T00:26:28.496Z",
            "user": 1,
            "content_type": 10,
            "object_id": "27",
            "object_repr": "Pessoa object (27)",
            "action_flag": 1,
            "change_message": "[{\"added\": {}}]"
        }
    },
    {
        "model": "admin.logentry",
        "pk": 90,
        "fields": {
            "action_time": "2021-10-20T00:28:14.612Z",
            "user": 1,
            "content_type": 7,
            "object_id": "30",
            "object_repr": "Endereco object (30)",
            "action_flag": 1,
            "change_message": "[{\"added\": {}}]"
        }
    },
    {
        "model": "admin.logentry",
        "pk": 91,
        "fields": {
            "action_time": "2021-10-20T00:28:17.594Z",
            "user": 1,
            "content_type": 10,
            "object_id": "28",
            "object_repr": "Pessoa object (28)",
            "action_flag": 1,
            "change_message": "[{\"added\": {}}]"
        }
    },
    {
        "model": "admin.logentry",
        "pk": 92,
        "fields": {
            "action_time": "2021-10-20T00:28:17.656Z",
            "user": 1,
            "content_type": 10,
            "object_id": "29",
            "object_repr": "Pessoa object (29)",
            "action_flag": 1,
            "change_message": "[{\"added\": {}}]"
        }
    },
    {
        "model": "admin.logentry",
        "pk": 93,
        "fields": {
            "action_time": "2021-10-20T00:30:32.799Z",
            "user": 1,
            "content_type": 7,
            "object_id": "31",
            "object_repr": "Endereco object (31)",
            "action_flag": 1,
            "change_message": "[{\"added\": {}}]"
        }
    },
    {
        "model": "admin.logentry",
        "pk": 94,
        "fields": {
            "action_time": "2021-10-20T00:30:36.924Z",
            "user": 1,
            "content_type": 10,
            "object_id": "30",
            "object_repr": "Pessoa object (30)",
            "action_flag": 1,
            "change_message": "[{\"added\": {}}]"
        }
    },
    {
        "model": "admin.logentry",
        "pk": 95,
        "fields": {
            "action_time": "2021-10-20T00:32:59.917Z",
            "user": 1,
            "content_type": 7,
            "object_id": "32",
            "object_repr": "Endereco object (32)",
            "action_flag": 1,
            "change_message": "[{\"added\": {}}]"
        }
    },
    {
        "model": "admin.logentry",
        "pk": 96,
        "fields": {
            "action_time": "2021-10-20T00:33:03.226Z",
            "user": 1,
            "content_type": 10,
            "object_id": "31",
            "object_repr": "Pessoa object (31)",
            "action_flag": 1,
            "change_message": "[{\"added\": {}}]"
        }
    },
    {
        "model": "admin.logentry",
        "pk": 97,
        "fields": {
            "action_time": "2021-10-20T00:34:54.270Z",
            "user": 1,
            "content_type": 7,
            "object_id": "33",
            "object_repr": "Endereco object (33)",
            "action_flag": 1,
            "change_message": "[{\"added\": {}}]"
        }
    },
    {
        "model": "admin.logentry",
        "pk": 98,
        "fields": {
            "action_time": "2021-10-20T00:34:58.277Z",
            "user": 1,
            "content_type": 10,
            "object_id": "32",
            "object_repr": "Pessoa object (32)",
            "action_flag": 1,
            "change_message": "[{\"added\": {}}]"
        }
    },
    {
        "model": "admin.logentry",
        "pk": 99,
        "fields": {
            "action_time": "2021-10-20T00:36:59.190Z",
            "user": 1,
            "content_type": 7,
            "object_id": "34",
            "object_repr": "Endereco object (34)",
            "action_flag": 1,
            "change_message": "[{\"added\": {}}]"
        }
    },
    {
        "model": "admin.logentry",
        "pk": 100,
        "fields": {
            "action_time": "2021-10-20T00:37:06.491Z",
            "user": 1,
            "content_type": 10,
            "object_id": "33",
            "object_repr": "Pessoa object (33)",
            "action_flag": 1,
            "change_message": "[{\"added\": {}}]"
        }
    },
    {
        "model": "admin.logentry",
        "pk": 101,
        "fields": {
            "action_time": "2021-10-20T00:39:01.841Z",
            "user": 1,
            "content_type": 7,
            "object_id": "35",
            "object_repr": "Endereco object (35)",
            "action_flag": 1,
            "change_message": "[{\"added\": {}}]"
        }
    },
    {
        "model": "admin.logentry",
        "pk": 102,
        "fields": {
            "action_time": "2021-10-20T00:39:01.874Z",
            "user": 1,
            "content_type": 7,
            "object_id": "36",
            "object_repr": "Endereco object (36)",
            "action_flag": 1,
            "change_message": "[{\"added\": {}}]"
        }
    },
    {
        "model": "admin.logentry",
        "pk": 103,
        "fields": {
            "action_time": "2021-10-20T00:39:03.088Z",
            "user": 1,
            "content_type": 10,
            "object_id": "34",
            "object_repr": "Pessoa object (34)",
            "action_flag": 1,
            "change_message": "[{\"added\": {}}]"
        }
    },
    {
        "model": "admin.logentry",
        "pk": 104,
        "fields": {
            "action_time": "2021-10-20T00:40:52.583Z",
            "user": 1,
            "content_type": 7,
            "object_id": "37",
            "object_repr": "Endereco object (37)",
            "action_flag": 1,
            "change_message": "[{\"added\": {}}]"
        }
    },
    {
        "model": "admin.logentry",
        "pk": 105,
        "fields": {
            "action_time": "2021-10-20T00:40:52.650Z",
            "user": 1,
            "content_type": 7,
            "object_id": "38",
            "object_repr": "Endereco object (38)",
            "action_flag": 1,
            "change_message": "[{\"added\": {}}]"
        }
    },
    {
        "model": "admin.logentry",
        "pk": 106,
        "fields": {
            "action_time": "2021-10-20T00:41:26.854Z",
            "user": 1,
            "content_type": 10,
            "object_id": "35",
            "object_repr": "Pessoa object (35)",
            "action_flag": 1,
            "change_message": "[{\"added\": {}}]"
        }
    },
    {
        "model": "admin.logentry",
        "pk": 107,
        "fields": {
            "action_time": "2021-10-20T01:42:48.218Z",
            "user": 1,
            "content_type": 7,
            "object_id": "39",
            "object_repr": "Endereco object (39)",
            "action_flag": 1,
            "change_message": "[{\"added\": {}}]"
        }
    },
    {
        "model": "admin.logentry",
        "pk": 108,
        "fields": {
            "action_time": "2021-10-20T01:42:52.937Z",
            "user": 1,
            "content_type": 10,
            "object_id": "36",
            "object_repr": "Pessoa object (36)",
            "action_flag": 1,
            "change_message": "[{\"added\": {}}]"
        }
    },
    {
        "model": "admin.logentry",
        "pk": 109,
        "fields": {
            "action_time": "2021-10-20T01:46:33.604Z",
            "user": 1,
            "content_type": 7,
            "object_id": "40",
            "object_repr": "Endereco object (40)",
            "action_flag": 1,
            "change_message": "[{\"added\": {}}]"
        }
    },
    {
        "model": "admin.logentry",
        "pk": 110,
        "fields": {
            "action_time": "2021-10-20T01:46:36.476Z",
            "user": 1,
            "content_type": 10,
            "object_id": "37",
            "object_repr": "Pessoa object (37)",
            "action_flag": 1,
            "change_message": "[{\"added\": {}}]"
        }
    },
    {
        "model": "admin.logentry",
        "pk": 111,
        "fields": {
            "action_time": "2021-10-20T01:47:32.064Z",
            "user": 1,
            "content_type": 10,
            "object_id": "5",
            "object_repr": "Pessoa object (5)",
            "action_flag": 2,
            "change_message": "[{\"changed\": {\"fields\": [\"Data nascimento\"]}}]"
        }
    },
    {
        "model": "admin.logentry",
        "pk": 112,
        "fields": {
            "action_time": "2021-10-20T01:47:44.824Z",
            "user": 1,
            "content_type": 10,
            "object_id": "7",
            "object_repr": "Pessoa object (7)",
            "action_flag": 2,
            "change_message": "[{\"changed\": {\"fields\": [\"Data nascimento\"]}}]"
        }
    },
    {
        "model": "admin.logentry",
        "pk": 113,
        "fields": {
            "action_time": "2021-10-20T01:48:07.728Z",
            "user": 1,
            "content_type": 10,
            "object_id": "8",
            "object_repr": "Pessoa object (8)",
            "action_flag": 2,
            "change_message": "[{\"changed\": {\"fields\": [\"Data nascimento\"]}}]"
        }
    },
    {
        "model": "admin.logentry",
        "pk": 114,
        "fields": {
            "action_time": "2021-10-20T01:48:26.432Z",
            "user": 1,
            "content_type": 10,
            "object_id": "17",
            "object_repr": "Pessoa object (17)",
            "action_flag": 2,
            "change_message": "[{\"changed\": {\"fields\": [\"Data nascimento\"]}}]"
        }
    },
    {
        "model": "admin.logentry",
        "pk": 115,
        "fields": {
            "action_time": "2021-10-20T01:49:55.579Z",
            "user": 1,
            "content_type": 7,
            "object_id": "41",
            "object_repr": "Endereco object (41)",
            "action_flag": 1,
            "change_message": "[{\"added\": {}}]"
        }
    },
    {
        "model": "admin.logentry",
        "pk": 116,
        "fields": {
            "action_time": "2021-10-20T01:50:05.711Z",
            "user": 1,
            "content_type": 10,
            "object_id": "38",
            "object_repr": "Pessoa object (38)",
            "action_flag": 1,
            "change_message": "[{\"added\": {}}]"
        }
    },
    {
        "model": "admin.logentry",
        "pk": 117,
        "fields": {
            "action_time": "2021-10-20T01:51:55.318Z",
            "user": 1,
            "content_type": 7,
            "object_id": "42",
            "object_repr": "Endereco object (42)",
            "action_flag": 1,
            "change_message": "[{\"added\": {}}]"
        }
    },
    {
        "model": "admin.logentry",
        "pk": 118,
        "fields": {
            "action_time": "2021-10-20T01:52:04.934Z",
            "user": 1,
            "content_type": 10,
            "object_id": "39",
            "object_repr": "Pessoa object (39)",
            "action_flag": 1,
            "change_message": "[{\"added\": {}}]"
        }
    },
    {
        "model": "admin.logentry",
        "pk": 119,
        "fields": {
            "action_time": "2021-10-20T01:54:05.866Z",
            "user": 1,
            "content_type": 7,
            "object_id": "43",
            "object_repr": "Endereco object (43)",
            "action_flag": 1,
            "change_message": "[{\"added\": {}}]"
        }
    },
    {
        "model": "admin.logentry",
        "pk": 120,
        "fields": {
            "action_time": "2021-10-20T01:54:18.626Z",
            "user": 1,
            "content_type": 10,
            "object_id": "40",
            "object_repr": "Pessoa object (40)",
            "action_flag": 1,
            "change_message": "[{\"added\": {}}]"
        }
    },
    {
        "model": "admin.logentry",
        "pk": 121,
        "fields": {
            "action_time": "2021-10-20T01:55:57.192Z",
            "user": 1,
            "content_type": 7,
            "object_id": "44",
            "object_repr": "Endereco object (44)",
            "action_flag": 1,
            "change_message": "[{\"added\": {}}]"
        }
    },
    {
        "model": "admin.logentry",
        "pk": 122,
        "fields": {
            "action_time": "2021-10-20T01:56:10.096Z",
            "user": 1,
            "content_type": 10,
            "object_id": "41",
            "object_repr": "Pessoa object (41)",
            "action_flag": 1,
            "change_message": "[{\"added\": {}}]"
        }
    },
    {
        "model": "admin.logentry",
        "pk": 123,
        "fields": {
            "action_time": "2021-10-20T01:58:04.454Z",
            "user": 1,
            "content_type": 7,
            "object_id": "45",
            "object_repr": "Endereco object (45)",
            "action_flag": 1,
            "change_message": "[{\"added\": {}}]"
        }
    },
    {
        "model": "admin.logentry",
        "pk": 124,
        "fields": {
            "action_time": "2021-10-20T01:58:15.326Z",
            "user": 1,
            "content_type": 10,
            "object_id": "42",
            "object_repr": "Pessoa object (42)",
            "action_flag": 1,
            "change_message": "[{\"added\": {}}]"
        }
    },
    {
        "model": "admin.logentry",
        "pk": 125,
        "fields": {
            "action_time": "2021-10-20T02:02:23.280Z",
            "user": 1,
            "content_type": 7,
            "object_id": "46",
            "object_repr": "Endereco object (46)",
            "action_flag": 1,
            "change_message": "[{\"added\": {}}]"
        }
    },
    {
        "model": "admin.logentry",
        "pk": 126,
        "fields": {
            "action_time": "2021-10-20T02:02:53.103Z",
            "user": 1,
            "content_type": 10,
            "object_id": "43",
            "object_repr": "Pessoa object (43)",
            "action_flag": 1,
            "change_message": "[{\"added\": {}}]"
        }
    },
    {
        "model": "admin.logentry",
        "pk": 127,
        "fields": {
            "action_time": "2021-10-20T02:06:01.541Z",
            "user": 1,
            "content_type": 7,
            "object_id": "47",
            "object_repr": "Endereco object (47)",
            "action_flag": 1,
            "change_message": "[{\"added\": {}}]"
        }
    },
    {
        "model": "admin.logentry",
        "pk": 128,
        "fields": {
            "action_time": "2021-10-20T02:06:06.179Z",
            "user": 1,
            "content_type": 10,
            "object_id": "44",
            "object_repr": "Pessoa object (44)",
            "action_flag": 1,
            "change_message": "[{\"added\": {}}]"
        }
    },
    {
        "model": "admin.logentry",
        "pk": 129,
        "fields": {
            "action_time": "2021-10-20T02:08:15.191Z",
            "user": 1,
            "content_type": 7,
            "object_id": "48",
            "object_repr": "Endereco object (48)",
            "action_flag": 1,
            "change_message": "[{\"added\": {}}]"
        }
    },
    {
        "model": "admin.logentry",
        "pk": 130,
        "fields": {
            "action_time": "2021-10-20T02:08:25.182Z",
            "user": 1,
            "content_type": 10,
            "object_id": "45",
            "object_repr": "Pessoa object (45)",
            "action_flag": 1,
            "change_message": "[{\"added\": {}}]"
        }
    },
    {
        "model": "admin.logentry",
        "pk": 131,
        "fields": {
            "action_time": "2021-10-20T02:14:23.628Z",
            "user": 1,
            "content_type": 7,
            "object_id": "49",
            "object_repr": "Endereco object (49)",
            "action_flag": 1,
            "change_message": "[{\"added\": {}}]"
        }
    },
    {
        "model": "admin.logentry",
        "pk": 132,
        "fields": {
            "action_time": "2021-10-20T02:14:33.226Z",
            "user": 1,
            "content_type": 10,
            "object_id": "46",
            "object_repr": "Pessoa object (46)",
            "action_flag": 1,
            "change_message": "[{\"added\": {}}]"
        }
    },
    {
        "model": "admin.logentry",
        "pk": 133,
        "fields": {
            "action_time": "2021-10-20T02:15:51.867Z",
            "user": 1,
            "content_type": 7,
            "object_id": "50",
            "object_repr": "Endereco object (50)",
            "action_flag": 1,
            "change_message": "[{\"added\": {}}]"
        }
    },
    {
        "model": "admin.logentry",
        "pk": 134,
        "fields": {
            "action_time": "2021-10-20T02:16:30.001Z",
            "user": 1,
            "content_type": 10,
            "object_id": "47",
            "object_repr": "Pessoa object (47)",
            "action_flag": 1,
            "change_message": "[{\"added\": {}}]"
        }
    },
    {
        "model": "admin.logentry",
        "pk": 135,
        "fields": {
            "action_time": "2021-10-20T02:26:53.196Z",
            "user": 1,
            "content_type": 7,
            "object_id": "51",
            "object_repr": "Endereco object (51)",
            "action_flag": 1,
            "change_message": "[{\"added\": {}}]"
        }
    },
    {
        "model": "admin.logentry",
        "pk": 136,
        "fields": {
            "action_time": "2021-10-20T02:26:55.527Z",
            "user": 1,
            "content_type": 10,
            "object_id": "48",
            "object_repr": "Pessoa object (48)",
            "action_flag": 1,
            "change_message": "[{\"added\": {}}]"
        }
    },
    {
        "model": "admin.logentry",
        "pk": 137,
        "fields": {
            "action_time": "2021-10-20T02:33:46.911Z",
            "user": 1,
            "content_type": 7,
            "object_id": "52",
            "object_repr": "Endereco object (52)",
            "action_flag": 1,
            "change_message": "[{\"added\": {}}]"
        }
    },
    {
        "model": "admin.logentry",
        "pk": 138,
        "fields": {
            "action_time": "2021-10-20T02:34:02.737Z",
            "user": 1,
            "content_type": 10,
            "object_id": "49",
            "object_repr": "Pessoa object (49)",
            "action_flag": 1,
            "change_message": "[{\"added\": {}}]"
        }
    },
    {
        "model": "admin.logentry",
        "pk": 139,
        "fields": {
            "action_time": "2021-10-20T02:35:57.048Z",
            "user": 1,
            "content_type": 7,
            "object_id": "53",
            "object_repr": "Endereco object (53)",
            "action_flag": 1,
            "change_message": "[{\"added\": {}}]"
        }
    },
    {
        "model": "admin.logentry",
        "pk": 140,
        "fields": {
            "action_time": "2021-10-20T02:36:11.238Z",
            "user": 1,
            "content_type": 10,
            "object_id": "50",
            "object_repr": "Pessoa object (50)",
            "action_flag": 1,
            "change_message": "[{\"added\": {}}]"
        }
    },
    {
        "model": "admin.logentry",
        "pk": 141,
        "fields": {
            "action_time": "2021-10-20T02:37:32.630Z",
            "user": 1,
            "content_type": 7,
            "object_id": "54",
            "object_repr": "Endereco object (54)",
            "action_flag": 1,
            "change_message": "[{\"added\": {}}]"
        }
    },
    {
        "model": "admin.logentry",
        "pk": 142,
        "fields": {
            "action_time": "2021-10-20T02:37:34.926Z",
            "user": 1,
            "content_type": 10,
            "object_id": "51",
            "object_repr": "Pessoa object (51)",
            "action_flag": 1,
            "change_message": "[{\"added\": {}}]"
        }
    },
    {
        "model": "admin.logentry",
        "pk": 143,
        "fields": {
            "action_time": "2021-10-20T02:38:49.885Z",
            "user": 1,
            "content_type": 7,
            "object_id": "55",
            "object_repr": "Endereco object (55)",
            "action_flag": 1,
            "change_message": "[{\"added\": {}}]"
        }
    },
    {
        "model": "admin.logentry",
        "pk": 144,
        "fields": {
            "action_time": "2021-10-20T02:38:53.264Z",
            "user": 1,
            "content_type": 10,
            "object_id": "52",
            "object_repr": "Pessoa object (52)",
            "action_flag": 1,
            "change_message": "[{\"added\": {}}]"
        }
    },
    {
        "model": "admin.logentry",
        "pk": 145,
        "fields": {
            "action_time": "2021-10-20T02:40:11.648Z",
            "user": 1,
            "content_type": 7,
            "object_id": "56",
            "object_repr": "Endereco object (56)",
            "action_flag": 1,
            "change_message": "[{\"added\": {}}]"
        }
    },
    {
        "model": "admin.logentry",
        "pk": 146,
        "fields": {
            "action_time": "2021-10-20T02:40:22.973Z",
            "user": 1,
            "content_type": 10,
            "object_id": "53",
            "object_repr": "Pessoa object (53)",
            "action_flag": 1,
            "change_message": "[{\"added\": {}}]"
        }
    },
    {
        "model": "admin.logentry",
        "pk": 147,
        "fields": {
            "action_time": "2021-10-20T21:07:17.658Z",
            "user": 1,
            "content_type": 9,
            "object_id": "4",
            "object_repr": "Servicos object (4)",
            "action_flag": 1,
            "change_message": "[{\"added\": {}}]"
        }
    },
    {
        "model": "admin.logentry",
        "pk": 148,
        "fields": {
            "action_time": "2021-10-20T21:07:23.263Z",
            "user": 1,
            "content_type": 9,
            "object_id": "4",
            "object_repr": "Servicos object (4)",
            "action_flag": 2,
            "change_message": "[{\"changed\": {\"fields\": [\"Valor do Servi\\u00e7o\"]}}]"
        }
    },
    {
        "model": "admin.logentry",
        "pk": 149,
        "fields": {
            "action_time": "2021-10-20T21:07:32.720Z",
            "user": 1,
            "content_type": 9,
            "object_id": "5",
            "object_repr": "Servicos object (5)",
            "action_flag": 1,
            "change_message": "[{\"added\": {}}]"
        }
    },
    {
        "model": "admin.logentry",
        "pk": 150,
        "fields": {
            "action_time": "2021-10-20T21:07:39.457Z",
            "user": 1,
            "content_type": 9,
            "object_id": "6",
            "object_repr": "Servicos object (6)",
            "action_flag": 1,
            "change_message": "[{\"added\": {}}]"
        }
    },
    {
        "model": "admin.logentry",
        "pk": 151,
        "fields": {
            "action_time": "2021-10-20T21:09:13.623Z",
            "user": 1,
            "content_type": 10,
            "object_id": "54",
            "object_repr": "Pessoa object (54)",
            "action_flag": 1,
            "change_message": "[{\"added\": {}}]"
        }
    },
    {
        "model": "admin.logentry",
        "pk": 152,
        "fields": {
            "action_time": "2021-10-20T21:10:00.810Z",
            "user": 1,
            "content_type": 9,
            "object_id": "5",
            "object_repr": "Servicos object (5)",
            "action_flag": 2,
            "change_message": "[{\"changed\": {\"fields\": [\"Valor do Servi\\u00e7o\"]}}]"
        }
    },
    {
        "model": "admin.logentry",
        "pk": 153,
        "fields": {
            "action_time": "2021-10-20T21:10:06.376Z",
            "user": 1,
            "content_type": 9,
            "object_id": "4",
            "object_repr": "Servicos object (4)",
            "action_flag": 2,
            "change_message": "[{\"changed\": {\"fields\": [\"Valor do Servi\\u00e7o\"]}}]"
        }
    },
    {
        "model": "admin.logentry",
        "pk": 154,
        "fields": {
            "action_time": "2021-10-20T21:10:52.803Z",
            "user": 1,
            "content_type": 6,
            "object_id": "2",
            "object_repr": "123",
            "action_flag": 1,
            "change_message": "[{\"added\": {}}]"
        }
    },
    {
        "model": "admin.logentry",
        "pk": 155,
        "fields": {
            "action_time": "2021-10-20T21:11:00.113Z",
            "user": 1,
            "content_type": 6,
            "object_id": "2",
            "object_repr": "123",
            "action_flag": 3,
            "change_message": ""
        }
    },
    {
        "model": "admin.logentry",
        "pk": 156,
        "fields": {
            "action_time": "2021-10-20T21:12:21.093Z",
            "user": 1,
            "content_type": 8,
            "object_id": "2",
            "object_repr": "Pagamentos object (2)",
            "action_flag": 1,
            "change_message": "[{\"added\": {}}]"
        }
    },
    {
        "model": "admin.logentry",
        "pk": 157,
        "fields": {
            "action_time": "2021-10-20T21:12:27.181Z",
            "user": 1,
            "content_type": 11,
            "object_id": "2",
            "object_repr": "Agendamento object (2)",
            "action_flag": 1,
            "change_message": "[{\"added\": {}}]"
        }
    },
    {
        "model": "admin.logentry",
        "pk": 158,
        "fields": {
            "action_time": "2021-10-20T21:12:41.641Z",
            "user": 1,
            "content_type": 8,
            "object_id": "3",
            "object_repr": "Pagamentos object (3)",
            "action_flag": 1,
            "change_message": "[{\"added\": {}}]"
        }
    },
    {
        "model": "admin.logentry",
        "pk": 159,
        "fields": {
            "action_time": "2021-10-20T21:12:51.725Z",
            "user": 1,
            "content_type": 8,
            "object_id": "4",
            "object_repr": "Pagamentos object (4)",
            "action_flag": 1,
            "change_message": "[{\"added\": {}}]"
        }
    },
    {
        "model": "admin.logentry",
        "pk": 160,
        "fields": {
            "action_time": "2021-10-20T21:22:45.373Z",
            "user": 1,
            "content_type": 11,
            "object_id": "3",
            "object_repr": "Agendamento object (3)",
            "action_flag": 1,
            "change_message": "[{\"added\": {}}]"
        }
    },
    {
        "model": "admin.logentry",
        "pk": 161,
        "fields": {
            "action_time": "2021-10-20T21:23:18.285Z",
            "user": 1,
            "content_type": 11,
            "object_id": "2",
            "object_repr": "Agendamento object (2)",
            "action_flag": 2,
            "change_message": "[{\"changed\": {\"fields\": [\"Cliente\", \"Funcionario\"]}}]"
        }
    },
    {
        "model": "admin.logentry",
        "pk": 162,
        "fields": {
            "action_time": "2021-10-20T21:23:39.482Z",
            "user": 1,
            "content_type": 8,
            "object_id": "5",
            "object_repr": "Pagamentos object (5)",
            "action_flag": 1,
            "change_message": "[{\"added\": {}}]"
        }
    },
    {
        "model": "admin.logentry",
        "pk": 163,
        "fields": {
            "action_time": "2021-10-20T21:23:46.860Z",
            "user": 1,
            "content_type": 11,
            "object_id": "4",
            "object_repr": "Agendamento object (4)",
            "action_flag": 1,
            "change_message": "[{\"added\": {}}]"
        }
    },
    {
        "model": "admin.logentry",
        "pk": 164,
        "fields": {
            "action_time": "2021-10-20T21:27:17.724Z",
            "user": 1,
            "content_type": 8,
            "object_id": "6",
            "object_repr": "Pagamentos object (6)",
            "action_flag": 1,
            "change_message": "[{\"added\": {}}]"
        }
    },
    {
        "model": "admin.logentry",
        "pk": 165,
        "fields": {
            "action_time": "2021-10-20T21:27:29.638Z",
            "user": 1,
            "content_type": 11,
            "object_id": "5",
            "object_repr": "Agendamento object (5)",
            "action_flag": 1,
            "change_message": "[{\"added\": {}}]"
        }
    },
    {
        "model": "admin.logentry",
        "pk": 166,
        "fields": {
            "action_time": "2021-10-20T21:27:38.734Z",
            "user": 1,
            "content_type": 8,
            "object_id": "7",
            "object_repr": "Pagamentos object (7)",
            "action_flag": 1,
            "change_message": "[{\"added\": {}}]"
        }
    },
    {
        "model": "admin.logentry",
        "pk": 167,
        "fields": {
            "action_time": "2021-10-20T21:27:48.618Z",
            "user": 1,
            "content_type": 11,
            "object_id": "6",
            "object_repr": "Agendamento object (6)",
            "action_flag": 1,
            "change_message": "[{\"added\": {}}]"
        }
    },
    {
        "model": "admin.logentry",
        "pk": 168,
        "fields": {
            "action_time": "2021-10-20T21:28:29.603Z",
            "user": 1,
            "content_type": 8,
            "object_id": "8",
            "object_repr": "Pagamentos object (8)",
            "action_flag": 1,
            "change_message": "[{\"added\": {}}]"
        }
    },
    {
        "model": "admin.logentry",
        "pk": 169,
        "fields": {
            "action_time": "2021-10-20T21:28:36.251Z",
            "user": 1,
            "content_type": 11,
            "object_id": "7",
            "object_repr": "Agendamento object (7)",
            "action_flag": 1,
            "change_message": "[{\"added\": {}}]"
        }
    },
    {
        "model": "admin.logentry",
        "pk": 170,
        "fields": {
            "action_time": "2021-10-20T21:28:44.908Z",
            "user": 1,
            "content_type": 8,
            "object_id": "9",
            "object_repr": "Pagamentos object (9)",
            "action_flag": 1,
            "change_message": "[{\"added\": {}}]"
        }
    },
    {
        "model": "admin.logentry",
        "pk": 171,
        "fields": {
            "action_time": "2021-10-20T21:28:51.527Z",
            "user": 1,
            "content_type": 11,
            "object_id": "8",
            "object_repr": "Agendamento object (8)",
            "action_flag": 1,
            "change_message": "[{\"added\": {}}]"
        }
    },
    {
        "model": "admin.logentry",
        "pk": 172,
        "fields": {
            "action_time": "2021-10-20T21:29:06.407Z",
            "user": 1,
            "content_type": 8,
            "object_id": "10",
            "object_repr": "Pagamentos object (10)",
            "action_flag": 1,
            "change_message": "[{\"added\": {}}]"
        }
    },
    {
        "model": "admin.logentry",
        "pk": 173,
        "fields": {
            "action_time": "2021-10-20T21:29:13.906Z",
            "user": 1,
            "content_type": 11,
            "object_id": "9",
            "object_repr": "Agendamento object (9)",
            "action_flag": 1,
            "change_message": "[{\"added\": {}}]"
        }
    },
    {
        "model": "admin.logentry",
        "pk": 174,
        "fields": {
            "action_time": "2021-10-20T21:29:26.651Z",
            "user": 1,
            "content_type": 8,
            "object_id": "11",
            "object_repr": "Pagamentos object (11)",
            "action_flag": 1,
            "change_message": "[{\"added\": {}}]"
        }
    },
    {
        "model": "admin.logentry",
        "pk": 175,
        "fields": {
            "action_time": "2021-10-20T21:29:30.569Z",
            "user": 1,
            "content_type": 11,
            "object_id": "10",
            "object_repr": "Agendamento object (10)",
            "action_flag": 1,
            "change_message": "[{\"added\": {}}]"
        }
    },
    {
        "model": "admin.logentry",
        "pk": 176,
        "fields": {
            "action_time": "2021-10-20T21:29:41.852Z",
            "user": 1,
            "content_type": 8,
            "object_id": "12",
            "object_repr": "Pagamentos object (12)",
            "action_flag": 1,
            "change_message": "[{\"added\": {}}]"
        }
    },
    {
        "model": "admin.logentry",
        "pk": 177,
        "fields": {
            "action_time": "2021-10-20T21:29:48.699Z",
            "user": 1,
            "content_type": 11,
            "object_id": "11",
            "object_repr": "Agendamento object (11)",
            "action_flag": 1,
            "change_message": "[{\"added\": {}}]"
        }
    },
    {
        "model": "admin.logentry",
        "pk": 178,
        "fields": {
            "action_time": "2021-10-20T21:30:32.022Z",
            "user": 1,
            "content_type": 8,
            "object_id": "13",
            "object_repr": "Pagamentos object (13)",
            "action_flag": 1,
            "change_message": "[{\"added\": {}}]"
        }
    },
    {
        "model": "admin.logentry",
        "pk": 179,
        "fields": {
            "action_time": "2021-10-20T21:30:58.641Z",
            "user": 1,
            "content_type": 11,
            "object_id": "12",
            "object_repr": "Agendamento object (12)",
            "action_flag": 1,
            "change_message": "[{\"added\": {}}]"
        }
    },
    {
        "model": "admin.logentry",
        "pk": 180,
        "fields": {
            "action_time": "2021-10-20T21:31:12.592Z",
            "user": 1,
            "content_type": 8,
            "object_id": "14",
            "object_repr": "Pagamentos object (14)",
            "action_flag": 1,
            "change_message": "[{\"added\": {}}]"
        }
    },
    {
        "model": "admin.logentry",
        "pk": 181,
        "fields": {
            "action_time": "2021-10-20T21:31:17.659Z",
            "user": 1,
            "content_type": 11,
            "object_id": "13",
            "object_repr": "Agendamento object (13)",
            "action_flag": 1,
            "change_message": "[{\"added\": {}}]"
        }
    },
    {
        "model": "admin.logentry",
        "pk": 182,
        "fields": {
            "action_time": "2021-10-20T21:31:38.934Z",
            "user": 1,
            "content_type": 8,
            "object_id": "15",
            "object_repr": "Pagamentos object (15)",
            "action_flag": 1,
            "change_message": "[{\"added\": {}}]"
        }
    },
    {
        "model": "admin.logentry",
        "pk": 183,
        "fields": {
            "action_time": "2021-10-20T21:31:43.294Z",
            "user": 1,
            "content_type": 11,
            "object_id": "14",
            "object_repr": "Agendamento object (14)",
            "action_flag": 1,
            "change_message": "[{\"added\": {}}]"
        }
    },
    {
        "model": "admin.logentry",
        "pk": 184,
        "fields": {
            "action_time": "2021-10-20T21:31:57.406Z",
            "user": 1,
            "content_type": 8,
            "object_id": "16",
            "object_repr": "Pagamentos object (16)",
            "action_flag": 1,
            "change_message": "[{\"added\": {}}]"
        }
    },
    {
        "model": "admin.logentry",
        "pk": 185,
        "fields": {
            "action_time": "2021-10-20T21:32:10.831Z",
            "user": 1,
            "content_type": 11,
            "object_id": "15",
            "object_repr": "Agendamento object (15)",
            "action_flag": 1,
            "change_message": "[{\"added\": {}}]"
        }
    },
    {
        "model": "admin.logentry",
        "pk": 186,
        "fields": {
            "action_time": "2021-10-20T21:32:24.635Z",
            "user": 1,
            "content_type": 8,
            "object_id": "17",
            "object_repr": "Pagamentos object (17)",
            "action_flag": 1,
            "change_message": "[{\"added\": {}}]"
        }
    },
    {
        "model": "admin.logentry",
        "pk": 187,
        "fields": {
            "action_time": "2021-10-20T21:32:28.543Z",
            "user": 1,
            "content_type": 11,
            "object_id": "16",
            "object_repr": "Agendamento object (16)",
            "action_flag": 1,
            "change_message": "[{\"added\": {}}]"
        }
    },
    {
        "model": "admin.logentry",
        "pk": 188,
        "fields": {
            "action_time": "2021-10-20T21:33:21.325Z",
            "user": 1,
            "content_type": 8,
            "object_id": "18",
            "object_repr": "Pagamentos object (18)",
            "action_flag": 1,
            "change_message": "[{\"added\": {}}]"
        }
    },
    {
        "model": "admin.logentry",
        "pk": 189,
        "fields": {
            "action_time": "2021-10-20T21:33:36.471Z",
            "user": 1,
            "content_type": 8,
            "object_id": "19",
            "object_repr": "Pagamentos object (19)",
            "action_flag": 1,
            "change_message": "[{\"added\": {}}]"
        }
    },
    {
        "model": "admin.logentry",
        "pk": 190,
        "fields": {
            "action_time": "2021-10-20T21:34:14.040Z",
            "user": 1,
            "content_type": 11,
            "object_id": "17",
            "object_repr": "Agendamento object (17)",
            "action_flag": 1,
            "change_message": "[{\"added\": {}}]"
        }
    },
    {
        "model": "admin.logentry",
        "pk": 191,
        "fields": {
            "action_time": "2021-10-20T21:34:21.759Z",
            "user": 1,
            "content_type": 11,
            "object_id": "18",
            "object_repr": "Agendamento object (18)",
            "action_flag": 1,
            "change_message": "[{\"added\": {}}]"
        }
    },
    {
        "model": "admin.logentry",
        "pk": 192,
        "fields": {
            "action_time": "2021-10-20T21:43:41.502Z",
            "user": 1,
            "content_type": 8,
            "object_id": "20",
            "object_repr": "Pagamentos object (20)",
            "action_flag": 1,
            "change_message": "[{\"added\": {}}]"
        }
    },
    {
        "model": "admin.logentry",
        "pk": 193,
        "fields": {
            "action_time": "2021-10-20T21:43:59.352Z",
            "user": 1,
            "content_type": 11,
            "object_id": "19",
            "object_repr": "Agendamento object (19)",
            "action_flag": 1,
            "change_message": "[{\"added\": {}}]"
        }
    },
    {
        "model": "admin.logentry",
        "pk": 194,
        "fields": {
            "action_time": "2021-10-20T21:44:12.600Z",
            "user": 1,
            "content_type": 11,
            "object_id": "20",
            "object_repr": "Agendamento object (20)",
            "action_flag": 1,
            "change_message": "[{\"added\": {}}]"
        }
    },
    {
        "model": "admin.logentry",
        "pk": 195,
        "fields": {
            "action_time": "2021-10-20T21:44:29.503Z",
            "user": 1,
            "content_type": 11,
            "object_id": "21",
            "object_repr": "Agendamento object (21)",
            "action_flag": 1,
            "change_message": "[{\"added\": {}}]"
        }
    },
    {
        "model": "admin.logentry",
        "pk": 196,
        "fields": {
            "action_time": "2021-10-20T21:45:18.081Z",
            "user": 1,
            "content_type": 11,
            "object_id": "22",
            "object_repr": "Agendamento object (22)",
            "action_flag": 1,
            "change_message": "[{\"added\": {}}]"
        }
    },
    {
        "model": "admin.logentry",
        "pk": 197,
        "fields": {
            "action_time": "2021-10-20T21:45:37.087Z",
            "user": 1,
            "content_type": 11,
            "object_id": "23",
            "object_repr": "Agendamento object (23)",
            "action_flag": 1,
            "change_message": "[{\"added\": {}}]"
        }
    },
    {
        "model": "admin.logentry",
        "pk": 198,
        "fields": {
            "action_time": "2021-10-20T21:45:59.736Z",
            "user": 1,
            "content_type": 11,
            "object_id": "24",
            "object_repr": "Agendamento object (24)",
            "action_flag": 1,
            "change_message": "[{\"added\": {}}]"
        }
    },
    {
        "model": "admin.logentry",
        "pk": 199,
        "fields": {
            "action_time": "2021-10-20T21:46:40.847Z",
            "user": 1,
            "content_type": 11,
            "object_id": "24",
            "object_repr": "Agendamento object (24)",
            "action_flag": 2,
            "change_message": "[{\"changed\": {\"fields\": [\"Status\"]}}]"
        }
    },
    {
        "model": "admin.logentry",
        "pk": 200,
        "fields": {
            "action_time": "2021-10-20T21:47:00.221Z",
            "user": 1,
            "content_type": 11,
            "object_id": "25",
            "object_repr": "Agendamento object (25)",
            "action_flag": 1,
            "change_message": "[{\"added\": {}}]"
        }
    },
    {
        "model": "admin.logentry",
        "pk": 201,
        "fields": {
            "action_time": "2021-10-20T21:47:17.337Z",
            "user": 1,
            "content_type": 11,
            "object_id": "26",
            "object_repr": "Agendamento object (26)",
            "action_flag": 1,
            "change_message": "[{\"added\": {}}]"
        }
    },
    {
        "model": "admin.logentry",
        "pk": 202,
        "fields": {
            "action_time": "2021-10-20T21:49:03.296Z",
            "user": 1,
            "content_type": 11,
            "object_id": "27",
            "object_repr": "Agendamento object (27)",
            "action_flag": 1,
            "change_message": "[{\"added\": {}}]"
        }
    },
    {
        "model": "admin.logentry",
        "pk": 203,
        "fields": {
            "action_time": "2021-10-20T21:49:27.639Z",
            "user": 1,
            "content_type": 11,
            "object_id": "28",
            "object_repr": "Agendamento object (28)",
            "action_flag": 1,
            "change_message": "[{\"added\": {}}]"
        }
    },
    {
        "model": "admin.logentry",
        "pk": 204,
        "fields": {
            "action_time": "2021-10-20T21:49:37.133Z",
            "user": 1,
            "content_type": 11,
            "object_id": "29",
            "object_repr": "Agendamento object (29)",
            "action_flag": 1,
            "change_message": "[{\"added\": {}}]"
        }
    },
    {
        "model": "admin.logentry",
        "pk": 205,
        "fields": {
            "action_time": "2021-10-20T21:49:44.048Z",
            "user": 1,
            "content_type": 11,
            "object_id": "30",
            "object_repr": "Agendamento object (30)",
            "action_flag": 1,
            "change_message": "[{\"added\": {}}]"
        }
    },
    {
        "model": "admin.logentry",
        "pk": 206,
        "fields": {
            "action_time": "2021-10-20T21:49:53.664Z",
            "user": 1,
            "content_type": 11,
            "object_id": "31",
            "object_repr": "Agendamento object (31)",
            "action_flag": 1,
            "change_message": "[{\"added\": {}}]"
        }
    },
    {
        "model": "admin.logentry",
        "pk": 207,
        "fields": {
            "action_time": "2021-10-20T21:50:04.156Z",
            "user": 1,
            "content_type": 11,
            "object_id": "32",
            "object_repr": "Agendamento object (32)",
            "action_flag": 1,
            "change_message": "[{\"added\": {}}]"
        }
    },
    {
        "model": "admin.logentry",
        "pk": 208,
        "fields": {
            "action_time": "2021-10-20T21:50:35.114Z",
            "user": 1,
            "content_type": 11,
            "object_id": "33",
            "object_repr": "Agendamento object (33)",
            "action_flag": 1,
            "change_message": "[{\"added\": {}}]"
        }
    },
    {
        "model": "admin.logentry",
        "pk": 209,
        "fields": {
            "action_time": "2021-10-20T21:50:51.551Z",
            "user": 1,
            "content_type": 11,
            "object_id": "34",
            "object_repr": "Agendamento object (34)",
            "action_flag": 1,
            "change_message": "[{\"added\": {}}]"
        }
    },
    {
        "model": "admin.logentry",
        "pk": 210,
        "fields": {
            "action_time": "2021-10-20T21:51:07.198Z",
            "user": 1,
            "content_type": 11,
            "object_id": "35",
            "object_repr": "Agendamento object (35)",
            "action_flag": 1,
            "change_message": "[{\"added\": {}}]"
        }
    },
    {
        "model": "admin.logentry",
        "pk": 211,
        "fields": {
            "action_time": "2021-10-20T21:51:22.203Z",
            "user": 1,
            "content_type": 11,
            "object_id": "36",
            "object_repr": "Agendamento object (36)",
            "action_flag": 1,
            "change_message": "[{\"added\": {}}]"
        }
    },
    {
        "model": "admin.logentry",
        "pk": 212,
        "fields": {
            "action_time": "2021-10-20T21:51:39.191Z",
            "user": 1,
            "content_type": 11,
            "object_id": "37",
            "object_repr": "Agendamento object (37)",
            "action_flag": 1,
            "change_message": "[{\"added\": {}}]"
        }
    },
    {
        "model": "admin.logentry",
        "pk": 213,
        "fields": {
            "action_time": "2021-10-20T21:51:57.761Z",
            "user": 1,
            "content_type": 11,
            "object_id": "38",
            "object_repr": "Agendamento object (38)",
            "action_flag": 1,
            "change_message": "[{\"added\": {}}]"
        }
    },
    {
        "model": "admin.logentry",
        "pk": 214,
        "fields": {
            "action_time": "2021-10-20T21:52:14.101Z",
            "user": 1,
            "content_type": 11,
            "object_id": "39",
            "object_repr": "Agendamento object (39)",
            "action_flag": 1,
            "change_message": "[{\"added\": {}}]"
        }
    },
    {
        "model": "admin.logentry",
        "pk": 215,
        "fields": {
            "action_time": "2021-10-20T21:52:37.403Z",
            "user": 1,
            "content_type": 11,
            "object_id": "40",
            "object_repr": "Agendamento object (40)",
            "action_flag": 1,
            "change_message": "[{\"added\": {}}]"
        }
    },
    {
        "model": "admin.logentry",
        "pk": 216,
        "fields": {
            "action_time": "2021-10-20T21:52:51.196Z",
            "user": 1,
            "content_type": 11,
            "object_id": "41",
            "object_repr": "Agendamento object (41)",
            "action_flag": 1,
            "change_message": "[{\"added\": {}}]"
        }
    },
    {
        "model": "admin.logentry",
        "pk": 217,
        "fields": {
            "action_time": "2021-10-20T21:53:25.352Z",
            "user": 1,
            "content_type": 11,
            "object_id": "42",
            "object_repr": "Agendamento object (42)",
            "action_flag": 1,
            "change_message": "[{\"added\": {}}]"
        }
    },
    {
        "model": "admin.logentry",
        "pk": 218,
        "fields": {
            "action_time": "2021-10-20T21:53:40.076Z",
            "user": 1,
            "content_type": 11,
            "object_id": "43",
            "object_repr": "Agendamento object (43)",
            "action_flag": 1,
            "change_message": "[{\"added\": {}}]"
        }
    },
    {
        "model": "admin.logentry",
        "pk": 219,
        "fields": {
            "action_time": "2021-10-20T21:53:53.616Z",
            "user": 1,
            "content_type": 11,
            "object_id": "44",
            "object_repr": "Agendamento object (44)",
            "action_flag": 1,
            "change_message": "[{\"added\": {}}]"
        }
    },
    {
        "model": "admin.logentry",
        "pk": 220,
        "fields": {
            "action_time": "2021-10-20T21:54:16.528Z",
            "user": 1,
            "content_type": 11,
            "object_id": "45",
            "object_repr": "Agendamento object (45)",
            "action_flag": 1,
            "change_message": "[{\"added\": {}}]"
        }
    },
    {
        "model": "admin.logentry",
        "pk": 221,
        "fields": {
            "action_time": "2021-10-20T21:54:38.815Z",
            "user": 1,
            "content_type": 11,
            "object_id": "46",
            "object_repr": "Agendamento object (46)",
            "action_flag": 1,
            "change_message": "[{\"added\": {}}]"
        }
    },
    {
        "model": "admin.logentry",
        "pk": 222,
        "fields": {
            "action_time": "2021-10-20T21:54:57.276Z",
            "user": 1,
            "content_type": 11,
            "object_id": "47",
            "object_repr": "Agendamento object (47)",
            "action_flag": 1,
            "change_message": "[{\"added\": {}}]"
        }
    },
    {
        "model": "admin.logentry",
        "pk": 223,
        "fields": {
            "action_time": "2021-10-20T21:55:11.374Z",
            "user": 1,
            "content_type": 11,
            "object_id": "48",
            "object_repr": "Agendamento object (48)",
            "action_flag": 1,
            "change_message": "[{\"added\": {}}]"
        }
    },
    {
        "model": "admin.logentry",
        "pk": 224,
        "fields": {
            "action_time": "2021-10-20T21:55:22.976Z",
            "user": 1,
            "content_type": 11,
            "object_id": "49",
            "object_repr": "Agendamento object (49)",
            "action_flag": 1,
            "change_message": "[{\"added\": {}}]"
        }
    },
    {
        "model": "admin.logentry",
        "pk": 225,
        "fields": {
            "action_time": "2021-10-20T21:55:23.115Z",
            "user": 1,
            "content_type": 11,
            "object_id": "50",
            "object_repr": "Agendamento object (50)",
            "action_flag": 1,
            "change_message": "[{\"added\": {}}]"
        }
    },
    {
        "model": "admin.logentry",
        "pk": 226,
        "fields": {
            "action_time": "2021-10-20T21:55:37.049Z",
            "user": 1,
            "content_type": 11,
            "object_id": "51",
            "object_repr": "Agendamento object (51)",
            "action_flag": 1,
            "change_message": "[{\"added\": {}}]"
        }
    },
    {
        "model": "admin.logentry",
        "pk": 227,
        "fields": {
            "action_time": "2021-10-20T21:55:41.485Z",
            "user": 1,
            "content_type": 11,
            "object_id": "52",
            "object_repr": "Agendamento object (52)",
            "action_flag": 1,
            "change_message": "[{\"added\": {}}]"
        }
    },
    {
        "model": "auth.permission",
        "pk": 1,
        "fields": {
            "name": "Can add log entry",
            "content_type": 1,
            "codename": "add_logentry"
        }
    },
    {
        "model": "auth.permission",
        "pk": 2,
        "fields": {
            "name": "Can change log entry",
            "content_type": 1,
            "codename": "change_logentry"
        }
    },
    {
        "model": "auth.permission",
        "pk": 3,
        "fields": {
            "name": "Can delete log entry",
            "content_type": 1,
            "codename": "delete_logentry"
        }
    },
    {
        "model": "auth.permission",
        "pk": 4,
        "fields": {
            "name": "Can view log entry",
            "content_type": 1,
            "codename": "view_logentry"
        }
    },
    {
        "model": "auth.permission",
        "pk": 5,
        "fields": {
            "name": "Can add permission",
            "content_type": 2,
            "codename": "add_permission"
        }
    },
    {
        "model": "auth.permission",
        "pk": 6,
        "fields": {
            "name": "Can change permission",
            "content_type": 2,
            "codename": "change_permission"
        }
    },
    {
        "model": "auth.permission",
        "pk": 7,
        "fields": {
            "name": "Can delete permission",
            "content_type": 2,
            "codename": "delete_permission"
        }
    },
    {
        "model": "auth.permission",
        "pk": 8,
        "fields": {
            "name": "Can view permission",
            "content_type": 2,
            "codename": "view_permission"
        }
    },
    {
        "model": "auth.permission",
        "pk": 9,
        "fields": {
            "name": "Can add group",
            "content_type": 3,
            "codename": "add_group"
        }
    },
    {
        "model": "auth.permission",
        "pk": 10,
        "fields": {
            "name": "Can change group",
            "content_type": 3,
            "codename": "change_group"
        }
    },
    {
        "model": "auth.permission",
        "pk": 11,
        "fields": {
            "name": "Can delete group",
            "content_type": 3,
            "codename": "delete_group"
        }
    },
    {
        "model": "auth.permission",
        "pk": 12,
        "fields": {
            "name": "Can view group",
            "content_type": 3,
            "codename": "view_group"
        }
    },
    {
        "model": "auth.permission",
        "pk": 13,
        "fields": {
            "name": "Can add content type",
            "content_type": 4,
            "codename": "add_contenttype"
        }
    },
    {
        "model": "auth.permission",
        "pk": 14,
        "fields": {
            "name": "Can change content type",
            "content_type": 4,
            "codename": "change_contenttype"
        }
    },
    {
        "model": "auth.permission",
        "pk": 15,
        "fields": {
            "name": "Can delete content type",
            "content_type": 4,
            "codename": "delete_contenttype"
        }
    },
    {
        "model": "auth.permission",
        "pk": 16,
        "fields": {
            "name": "Can view content type",
            "content_type": 4,
            "codename": "view_contenttype"
        }
    },
    {
        "model": "auth.permission",
        "pk": 17,
        "fields": {
            "name": "Can add session",
            "content_type": 5,
            "codename": "add_session"
        }
    },
    {
        "model": "auth.permission",
        "pk": 18,
        "fields": {
            "name": "Can change session",
            "content_type": 5,
            "codename": "change_session"
        }
    },
    {
        "model": "auth.permission",
        "pk": 19,
        "fields": {
            "name": "Can delete session",
            "content_type": 5,
            "codename": "delete_session"
        }
    },
    {
        "model": "auth.permission",
        "pk": 20,
        "fields": {
            "name": "Can view session",
            "content_type": 5,
            "codename": "view_session"
        }
    },
    {
        "model": "auth.permission",
        "pk": 21,
        "fields": {
            "name": "Can add user",
            "content_type": 6,
            "codename": "add_user"
        }
    },
    {
        "model": "auth.permission",
        "pk": 22,
        "fields": {
            "name": "Can change user",
            "content_type": 6,
            "codename": "change_user"
        }
    },
    {
        "model": "auth.permission",
        "pk": 23,
        "fields": {
            "name": "Can delete user",
            "content_type": 6,
            "codename": "delete_user"
        }
    },
    {
        "model": "auth.permission",
        "pk": 24,
        "fields": {
            "name": "Can view user",
            "content_type": 6,
            "codename": "view_user"
        }
    },
    {
        "model": "auth.permission",
        "pk": 25,
        "fields": {
            "name": "Can add endereco",
            "content_type": 7,
            "codename": "add_endereco"
        }
    },
    {
        "model": "auth.permission",
        "pk": 26,
        "fields": {
            "name": "Can change endereco",
            "content_type": 7,
            "codename": "change_endereco"
        }
    },
    {
        "model": "auth.permission",
        "pk": 27,
        "fields": {
            "name": "Can delete endereco",
            "content_type": 7,
            "codename": "delete_endereco"
        }
    },
    {
        "model": "auth.permission",
        "pk": 28,
        "fields": {
            "name": "Can view endereco",
            "content_type": 7,
            "codename": "view_endereco"
        }
    },
    {
        "model": "auth.permission",
        "pk": 29,
        "fields": {
            "name": "Can add pagamentos",
            "content_type": 8,
            "codename": "add_pagamentos"
        }
    },
    {
        "model": "auth.permission",
        "pk": 30,
        "fields": {
            "name": "Can change pagamentos",
            "content_type": 8,
            "codename": "change_pagamentos"
        }
    },
    {
        "model": "auth.permission",
        "pk": 31,
        "fields": {
            "name": "Can delete pagamentos",
            "content_type": 8,
            "codename": "delete_pagamentos"
        }
    },
    {
        "model": "auth.permission",
        "pk": 32,
        "fields": {
            "name": "Can view pagamentos",
            "content_type": 8,
            "codename": "view_pagamentos"
        }
    },
    {
        "model": "auth.permission",
        "pk": 33,
        "fields": {
            "name": "Can add servicos",
            "content_type": 9,
            "codename": "add_servicos"
        }
    },
    {
        "model": "auth.permission",
        "pk": 34,
        "fields": {
            "name": "Can change servicos",
            "content_type": 9,
            "codename": "change_servicos"
        }
    },
    {
        "model": "auth.permission",
        "pk": 35,
        "fields": {
            "name": "Can delete servicos",
            "content_type": 9,
            "codename": "delete_servicos"
        }
    },
    {
        "model": "auth.permission",
        "pk": 36,
        "fields": {
            "name": "Can view servicos",
            "content_type": 9,
            "codename": "view_servicos"
        }
    },
    {
        "model": "auth.permission",
        "pk": 37,
        "fields": {
            "name": "Can add pessoa",
            "content_type": 10,
            "codename": "add_pessoa"
        }
    },
    {
        "model": "auth.permission",
        "pk": 38,
        "fields": {
            "name": "Can change pessoa",
            "content_type": 10,
            "codename": "change_pessoa"
        }
    },
    {
        "model": "auth.permission",
        "pk": 39,
        "fields": {
            "name": "Can delete pessoa",
            "content_type": 10,
            "codename": "delete_pessoa"
        }
    },
    {
        "model": "auth.permission",
        "pk": 40,
        "fields": {
            "name": "Can view pessoa",
            "content_type": 10,
            "codename": "view_pessoa"
        }
    },
    {
        "model": "auth.permission",
        "pk": 41,
        "fields": {
            "name": "Can add agendamento",
            "content_type": 11,
            "codename": "add_agendamento"
        }
    },
    {
        "model": "auth.permission",
        "pk": 42,
        "fields": {
            "name": "Can change agendamento",
            "content_type": 11,
            "codename": "change_agendamento"
        }
    },
    {
        "model": "auth.permission",
        "pk": 43,
        "fields": {
            "name": "Can delete agendamento",
            "content_type": 11,
            "codename": "delete_agendamento"
        }
    },
    {
        "model": "auth.permission",
        "pk": 44,
        "fields": {
            "name": "Can view agendamento",
            "content_type": 11,
            "codename": "view_agendamento"
        }
    },
    {
        "model": "sessions.session",
        "pk": "0y411df01hgkdex91kmiwhy808x2qhg0",
        "fields": {
            "session_data": ".eJxVjDkOwjAUBe_iGll2vESmpOcM1vdfcAA5UpxUiLtDpBTQvpl5L5VhW2veOi95InVWVp1-twL44LYDukO7zRrnti5T0buiD9r1dSZ-Xg7376BCr9_aRY_oBVgEjWGK1prARoZg0I3M1qdRIg02AVNw4mKiFCKioAuFk3p_APvlOJg:1mcxKE:CeY9FG8hUZEm-oAxEWhpxrh6Wtrq6wy4Uk5xtwEFJkA",
            "expire_date": "2021-11-02T22:11:14.064Z"
        }
    },
    {
        "model": "sessions.session",
        "pk": "3zgm391rz1b5e7u24zis4f8xw845oi8v",
        "fields": {
            "session_data": ".eJxVjDkOwjAUBe_iGll2vESmpOcM1vdfcAA5UpxUiLtDpBTQvpl5L5VhW2veOi95InVWVp1-twL44LYDukO7zRrnti5T0buiD9r1dSZ-Xg7376BCr9_aRY_oBVgEjWGK1prARoZg0I3M1qdRIg02AVNw4mKiFCKioAuFk3p_APvlOJg:1mat7d:hiTai1OehZKhL49eYQiYust7CbZTyl3tne59wQ1n99E",
            "expire_date": "2021-10-28T05:17:41.753Z"
        }
    },
    {
        "model": "sessions.session",
        "pk": "75qrncqfqgklezy763m9gktxxrjt4wq1",
        "fields": {
            "session_data": ".eJxVjDkOwjAUBe_iGll2vESmpOcM1vdfcAA5UpxUiLtDpBTQvpl5L5VhW2veOi95InVWVp1-twL44LYDukO7zRrnti5T0buiD9r1dSZ-Xg7376BCr9_aRY_oBVgEjWGK1prARoZg0I3M1qdRIg02AVNw4mKiFCKioAuFk3p_APvlOJg:1mcyfq:lrYpzNCCIn7QVAPEu8aatT02XiG2tflG6fGEf3vHzjw",
            "expire_date": "2021-11-02T23:37:38.273Z"
        }
    },
    {
        "model": "sessions.session",
        "pk": "b539fulkloxn3x3u54t5tqibvcob4yn6",
        "fields": {
            "session_data": ".eJxVjDkOwjAUBe_iGll2vESmpOcM1vdfcAA5UpxUiLtDpBTQvpl5L5VhW2veOi95InVWVp1-twL44LYDukO7zRrnti5T0buiD9r1dSZ-Xg7376BCr9_aRY_oBVgEjWGK1prARoZg0I3M1qdRIg02AVNw4mKiFCKioAuFk3p_APvlOJg:1mcy1x:fDWaCA9zy8Gwd5aIiApRExFjm8EahgQ0vsnQjx19fmE",
            "expire_date": "2021-11-02T22:56:25.172Z"
        }
    },
    {
        "model": "sessions.session",
        "pk": "cijzwb8yl93u59vthpambj1gsnn8ip5b",
        "fields": {
            "session_data": ".eJxVjDkOwjAUBe_iGll2vESmpOcM1vdfcAA5UpxUiLtDpBTQvpl5L5VhW2veOi95InVWVp1-twL44LYDukO7zRrnti5T0buiD9r1dSZ-Xg7376BCr9_aRY_oBVgEjWGK1prARoZg0I3M1qdRIg02AVNw4mKiFCKioAuFk3p_APvlOJg:1mcxM2:kDHrj48J09azWk2QdMac7mYNaLz0Nk3h1KhglCc5x0U",
            "expire_date": "2021-11-02T22:13:06.239Z"
        }
    },
    {
        "model": "sessions.session",
        "pk": "drzlp981ikyz7vt9udqh0gs8jpk5s3vt",
        "fields": {
            "session_data": ".eJxVjDkOwjAUBe_iGll2vESmpOcM1vdfcAA5UpxUiLtDpBTQvpl5L5VhW2veOi95InVWVp1-twL44LYDukO7zRrnti5T0buiD9r1dSZ-Xg7376BCr9_aRY_oBVgEjWGK1prARoZg0I3M1qdRIg02AVNw4mKiFCKioAuFk3p_APvlOJg:1masqg:rzKLDk_4BZ36_K_LXGVSknam_5XFZ2dwbz3C3Xir5OQ",
            "expire_date": "2021-10-28T05:00:10.797Z"
        }
    },
    {
        "model": "sessions.session",
        "pk": "jrd0um94vacneu6xo8ew7k3hf28sqpg2",
        "fields": {
            "session_data": ".eJxVjDkOwjAUBe_iGll2vESmpOcM1vdfcAA5UpxUiLtDpBTQvpl5L5VhW2veOi95InVWVp1-twL44LYDukO7zRrnti5T0buiD9r1dSZ-Xg7376BCr9_aRY_oBVgEjWGK1prARoZg0I3M1qdRIg02AVNw4mKiFCKioAuFk3p_APvlOJg:1mdI0h:trtaZPX_cX4YCJ4bw08FgEZcgWKkCgHdkOsHbNKcnBM",
            "expire_date": "2021-11-03T20:16:27.812Z"
        }
    },
    {
        "model": "sessions.session",
        "pk": "kdefmjdds2q9mn1ttyozkm3mi5qeeki3",
        "fields": {
            "session_data": ".eJxVjDkOwjAUBe_iGll2vESmpOcM1vdfcAA5UpxUiLtDpBTQvpl5L5VhW2veOi95InVWVp1-twL44LYDukO7zRrnti5T0buiD9r1dSZ-Xg7376BCr9_aRY_oBVgEjWGK1prARoZg0I3M1qdRIg02AVNw4mKiFCKioAuFk3p_APvlOJg:1mb0Bh:n3EekgoFEVEaI5dl0GbAuqOrTMP7zu87HespR6KHIsE",
            "expire_date": "2021-10-28T12:50:21.919Z"
        }
    },
    {
        "model": "sessions.session",
        "pk": "mrf70qtzgtu7s61oq5dv0nbdesj9uu1g",
        "fields": {
            "session_data": ".eJxVjDkOwjAUBe_iGll2vESmpOcM1vdfcAA5UpxUiLtDpBTQvpl5L5VhW2veOi95InVWVp1-twL44LYDukO7zRrnti5T0buiD9r1dSZ-Xg7376BCr9_aRY_oBVgEjWGK1prARoZg0I3M1qdRIg02AVNw4mKiFCKioAuFk3p_APvlOJg:1mcxR2:MTFahXdlnNBdJbF_x8Dx9IogEBWyrguVkYJGeAdZDW4",
            "expire_date": "2021-11-02T22:18:16.063Z"
        }
    },
    {
        "model": "sessions.session",
        "pk": "th5s82jqmsk67svx8dyog6jqmyhj7z7b",
        "fields": {
            "session_data": ".eJxVjDkOwjAUBe_iGll2vESmpOcM1vdfcAA5UpxUiLtDpBTQvpl5L5VhW2veOi95InVWVp1-twL44LYDukO7zRrnti5T0buiD9r1dSZ-Xg7376BCr9_aRY_oBVgEjWGK1prARoZg0I3M1qdRIg02AVNw4mKiFCKioAuFk3p_APvlOJg:1mataf:S2Wf0LRVjY-C4ndOPeWxj_U4_bkkTVK1_na8q5k1AyY",
            "expire_date": "2021-10-28T05:47:41.152Z"
        }
    },
    {
        "model": "core.user",
        "pk": 1,
        "fields": {
            "password": "pbkdf2_sha256$260000$PUvxUlm7YwuofPTYxgTCiZ$KT97s+7HftSy5M++IL7WVJ45OcCIZUI2HzE458N6PKA=",
            "last_login": "2021-10-20T20:16:27.806Z",
            "is_superuser": true,
            "username": "admin",
            "first_name": "",
            "last_name": "",
            "email": "",
            "is_staff": true,
            "is_active": true,
            "date_joined": "2021-10-14T05:00:03.632Z",
            "pessoa": null,
            "groups": [],
            "user_permissions": []
        }
    },
    {
        "model": "core.pagamentos",
        "pk": 2,
        "fields": {
            "valor_pago": "30.00"
        }
    },
    {
        "model": "core.pagamentos",
        "pk": 3,
        "fields": {
            "valor_pago": "30.00"
        }
    },
    {
        "model": "core.pagamentos",
        "pk": 4,
        "fields": {
            "valor_pago": "30.00"
        }
    },
    {
        "model": "core.pagamentos",
        "pk": 5,
        "fields": {
            "valor_pago": "30.00"
        }
    },
    {
        "model": "core.pagamentos",
        "pk": 6,
        "fields": {
            "valor_pago": "30.00"
        }
    },
    {
        "model": "core.pagamentos",
        "pk": 7,
        "fields": {
            "valor_pago": "30.00"
        }
    },
    {
        "model": "core.pagamentos",
        "pk": 8,
        "fields": {
            "valor_pago": "30.00"
        }
    },
    {
        "model": "core.pagamentos",
        "pk": 9,
        "fields": {
            "valor_pago": "30.00"
        }
    },
    {
        "model": "core.pagamentos",
        "pk": 10,
        "fields": {
            "valor_pago": "30.00"
        }
    },
    {
        "model": "core.pagamentos",
        "pk": 11,
        "fields": {
            "valor_pago": "30.00"
        }
    },
    {
        "model": "core.pagamentos",
        "pk": 12,
        "fields": {
            "valor_pago": "30.00"
        }
    },
    {
        "model": "core.pagamentos",
        "pk": 13,
        "fields": {
            "valor_pago": "30.00"
        }
    },
    {
        "model": "core.pagamentos",
        "pk": 14,
        "fields": {
            "valor_pago": "30.00"
        }
    },
    {
        "model": "core.pagamentos",
        "pk": 15,
        "fields": {
            "valor_pago": "30.00"
        }
    },
    {
        "model": "core.pagamentos",
        "pk": 16,
        "fields": {
            "valor_pago": "30.00"
        }
    },
    {
        "model": "core.pagamentos",
        "pk": 17,
        "fields": {
            "valor_pago": "30.00"
        }
    },
    {
        "model": "core.pagamentos",
        "pk": 18,
        "fields": {
            "valor_pago": "30.00"
        }
    },
    {
        "model": "core.pagamentos",
        "pk": 19,
        "fields": {
            "valor_pago": "30.00"
        }
    },
    {
        "model": "core.pagamentos",
        "pk": 20,
        "fields": {
            "valor_pago": "30.00"
        }
    },
    {
        "model": "core.servicos",
        "pk": 4,
        "fields": {
            "descricao": "Cabelo Criança",
            "valor": "30.00"
        }
    },
    {
        "model": "core.servicos",
        "pk": 5,
        "fields": {
            "descricao": "Cabelo Adulto",
            "valor": "30.00"
        }
    },
    {
        "model": "core.servicos",
        "pk": 6,
        "fields": {
            "descricao": "Barba",
            "valor": "30.00"
        }
    },
    {
        "model": "core.endereco",
        "pk": 3,
        "fields": {
            "cep": "21922660",
            "endereco": "travessa sao luiz",
            "numero": "765",
            "complemento": null,
            "uf": "RJ",
            "estado": "Rio de janeiro",
            "bairro": "Guarabu",
            "cidade": "Rio de janeiro",
            "pais": "Brasil",
            "observacao": null,
            "ibge": null
        }
    },
    {
        "model": "core.endereco",
        "pk": 6,
        "fields": {
            "cep": "20041290",
            "endereco": "Adro de São Francisco",
            "numero": "843",
            "complemento": "fundos",
            "uf": "RJ",
            "estado": "Rio de janeiro",
            "bairro": "Saúde",
            "cidade": "Rio de janeiro",
            "pais": "Brasil",
            "observacao": null,
            "ibge": null
        }
    },
    {
        "model": "core.endereco",
        "pk": 7,
        "fields": {
            "cep": "20531330",
            "endereco": "Estrada do Açude",
            "numero": "789",
            "complemento": null,
            "uf": "RJ",
            "estado": "Rio de janeiro",
            "bairro": "Alto da Boa Vista",
            "cidade": "Rio De janeiro",
            "pais": "Brasil",
            "observacao": null,
            "ibge": null
        }
    },
    {
        "model": "core.endereco",
        "pk": 8,
        "fields": {
            "cep": "21940350",
            "endereco": "Rua Dom Emanuel Gomes",
            "numero": "333",
            "complemento": null,
            "uf": "RJ",
            "estado": "Rio de janeiro",
            "bairro": "Jardim Guanabara",
            "cidade": "Rio de Janeiro",
            "pais": "Brasil",
            "observacao": null,
            "ibge": null
        }
    },
    {
        "model": "core.endereco",
        "pk": 9,
        "fields": {
            "cep": "22795080",
            "endereco": "Rua Presidente Nereu Ramos",
            "numero": "192",
            "complemento": null,
            "uf": "RJ",
            "estado": "RJ",
            "bairro": "Recreio dos Bandeirantes",
            "cidade": "Rio de Janeiro",
            "pais": "Brasil",
            "observacao": null,
            "ibge": null
        }
    },
    {
        "model": "core.endereco",
        "pk": 10,
        "fields": {
            "cep": "54518-24",
            "endereco": "Rua Limoeiro",
            "numero": "957",
            "complemento": null,
            "uf": "PE",
            "estado": "PE",
            "bairro": "Cidade Garapu",
            "cidade": "Cabo de Santo Agostinho",
            "pais": "Brasil",
            "observacao": null,
            "ibge": null
        }
    },
    {
        "model": "core.endereco",
        "pk": 11,
        "fields": {
            "cep": "21211280",
            "endereco": "Rua Amaral",
            "numero": "897",
            "complemento": null,
            "uf": "RJ",
            "estado": "Rio de Janeiro",
            "bairro": "Penha Circular",
            "cidade": "Rio de Janeiro",
            "pais": null,
            "observacao": null,
            "ibge": null
        }
    },
    {
        "model": "core.endereco",
        "pk": 12,
        "fields": {
            "cep": "79044-75",
            "endereco": "Travessa da Luz",
            "numero": "865",
            "complemento": null,
            "uf": "MS",
            "estado": "Mato Grosso do Sul",
            "bairro": "Parque Residencial Maria Aparecida Pedrossian",
            "cidade": "Campo Grande",
            "pais": "Brasil",
            "observacao": null,
            "ibge": null
        }
    },
    {
        "model": "core.endereco",
        "pk": 13,
        "fields": {
            "cep": "22713208",
            "endereco": "Eua Coqueiros do Outeiro",
            "numero": "483",
            "complemento": null,
            "uf": "RJ",
            "estado": "Rio de janeiro",
            "bairro": "jacarepagua",
            "cidade": "Rio de janeiro",
            "pais": "Brasil",
            "observacao": null,
            "ibge": null
        }
    },
    {
        "model": "core.endereco",
        "pk": 14,
        "fields": {
            "cep": "65068-76",
            "endereco": "Via Local Duzentos e Sete",
            "numero": "261",
            "complemento": null,
            "uf": "MA",
            "estado": "Maranhão",
            "bairro": "Parque Vitória",
            "cidade": "São Luís",
            "pais": "Brasil",
            "observacao": null,
            "ibge": null
        }
    },
    {
        "model": "core.endereco",
        "pk": 15,
        "fields": {
            "cep": "69921-78",
            "endereco": "Rua São José",
            "numero": "562",
            "complemento": null,
            "uf": "AC",
            "estado": "Acre",
            "bairro": "Tancredo Neves",
            "cidade": "Rio Branco",
            "pais": "Brasil",
            "observacao": null,
            "ibge": null
        }
    },
    {
        "model": "core.endereco",
        "pk": 16,
        "fields": {
            "cep": "21940250",
            "endereco": "Rua Mangalo",
            "numero": "263",
            "complemento": null,
            "uf": "RJ",
            "estado": "RJ",
            "bairro": "Jardim Guanabara",
            "cidade": "Rio de Janeiro",
            "pais": "Brasil",
            "observacao": null,
            "ibge": null
        }
    },
    {
        "model": "core.endereco",
        "pk": 17,
        "fields": {
            "cep": "75912-37",
            "endereco": "Rua Celina Jaime Barbosa",
            "numero": "350",
            "complemento": null,
            "uf": "GO",
            "estado": "Goiás",
            "bairro": "Vila Mariana Prolongamento II",
            "cidade": "Rio Verde",
            "pais": "Brasil",
            "observacao": null,
            "ibge": null
        }
    },
    {
        "model": "core.endereco",
        "pk": 18,
        "fields": {
            "cep": "21920257",
            "endereco": "Rua Orcadas",
            "numero": "121",
            "complemento": null,
            "uf": "RJ",
            "estado": "RJ",
            "bairro": "Jardim Carioca",
            "cidade": "Rio de Janeiro",
            "pais": "Brasil",
            "observacao": null,
            "ibge": null
        }
    },
    {
        "model": "core.endereco",
        "pk": 19,
        "fields": {
            "cep": "68025410",
            "endereco": "Travessa Dezessete",
            "numero": "734",
            "complemento": null,
            "uf": "PA",
            "estado": "Pará",
            "bairro": "Nova República",
            "cidade": "Santárem",
            "pais": "Brasil",
            "observacao": null,
            "ibge": null
        }
    },
    {
        "model": "core.endereco",
        "pk": 20,
        "fields": {
            "cep": "77462080",
            "endereco": "Residencial Park dos Buritis",
            "numero": "185",
            "complemento": null,
            "uf": "TO",
            "estado": "Tocantins",
            "bairro": "Resicencial Park dos Biritis",
            "cidade": "Gurupi",
            "pais": "Brasil",
            "observacao": null,
            "ibge": null
        }
    },
    {
        "model": "core.endereco",
        "pk": 21,
        "fields": {
            "cep": "6931757",
            "endereco": "Rua Vega",
            "numero": "353",
            "complemento": null,
            "uf": "RR",
            "estado": "Roraima",
            "bairro": "Cidade Satélite",
            "cidade": "Boa Vista",
            "pais": "Brasil",
            "observacao": null,
            "ibge": null
        }
    },
    {
        "model": "core.endereco",
        "pk": 22,
        "fields": {
            "cep": "79103580",
            "endereco": "Rua Pindaré-Mirim",
            "numero": "973",
            "complemento": null,
            "uf": "MS",
            "estado": "Mato Grosso do Sul",
            "bairro": "Jardim Aeroporto",
            "cidade": "Campo Grande",
            "pais": "Brasil",
            "observacao": null,
            "ibge": null
        }
    },
    {
        "model": "core.endereco",
        "pk": 23,
        "fields": {
            "cep": "79086030",
            "endereco": "Rua André Pace",
            "numero": "186",
            "complemento": null,
            "uf": "MS",
            "estado": "Mato Grosso do Sul",
            "bairro": "Guanandi",
            "cidade": "Campo Grande",
            "pais": "Brasil",
            "observacao": null,
            "ibge": null
        }
    },
    {
        "model": "core.endereco",
        "pk": 24,
        "fields": {
            "cep": "69312343",
            "endereco": "Rua são jorge",
            "numero": "735",
            "complemento": null,
            "uf": "RR",
            "estado": "Roraima",
            "bairro": "Cinturão Verde",
            "cidade": "Boa Vista",
            "pais": "Brasil",
            "observacao": null,
            "ibge": null
        }
    },
    {
        "model": "core.endereco",
        "pk": 25,
        "fields": {
            "cep": "68907370",
            "endereco": "Alameda Pereânio",
            "numero": "762",
            "complemento": null,
            "uf": "AP",
            "estado": "Amapá",
            "bairro": "Renascer",
            "cidade": "Macápa",
            "pais": "Brasil",
            "observacao": null,
            "ibge": null
        }
    },
    {
        "model": "core.endereco",
        "pk": 26,
        "fields": {
            "cep": "59115518",
            "endereco": "Travessa Artemis",
            "numero": "114",
            "complemento": null,
            "uf": "RN",
            "estado": "Rio Grande do Norte",
            "bairro": "Nossa Senhora da Apresentação",
            "cidade": "Natal",
            "pais": "Brasil",
            "observacao": null,
            "ibge": null
        }
    },
    {
        "model": "core.endereco",
        "pk": 27,
        "fields": {
            "cep": "59115518",
            "endereco": "Travessa Artemis",
            "numero": "114",
            "complemento": null,
            "uf": "RN",
            "estado": "Rio Grande do Norte",
            "bairro": "Nossa Senhora da Apresentação",
            "cidade": "Natal",
            "pais": "Brasil",
            "observacao": null,
            "ibge": null
        }
    },
    {
        "model": "core.endereco",
        "pk": 28,
        "fields": {
            "cep": "88308670",
            "endereco": "Rua minelvino Manoel Gonçalves",
            "numero": "776",
            "complemento": null,
            "uf": "SC",
            "estado": "Santa Catarina",
            "bairro": "Cidade Nova",
            "cidade": "Itajaí",
            "pais": "Brasil",
            "observacao": null,
            "ibge": null
        }
    },
    {
        "model": "core.endereco",
        "pk": 29,
        "fields": {
            "cep": "79904709",
            "endereco": "Rua Paraguiiai",
            "numero": "860",
            "complemento": null,
            "uf": "MS",
            "estado": "Mato Grosso do Sul",
            "bairro": "Centro",
            "cidade": "Ponta Porã",
            "pais": "Brasil",
            "observacao": null,
            "ibge": null
        }
    },
    {
        "model": "core.endereco",
        "pk": 30,
        "fields": {
            "cep": "97547045",
            "endereco": "Rua J",
            "numero": "232",
            "complemento": null,
            "uf": "RS",
            "estado": "Rio Grande do Sul",
            "bairro": "Segabinazi",
            "cidade": "Alegrete",
            "pais": "Brasil",
            "observacao": null,
            "ibge": null
        }
    },
    {
        "model": "core.endereco",
        "pk": 31,
        "fields": {
            "cep": "58030061",
            "endereco": "Rua Goiás",
            "numero": "870",
            "complemento": null,
            "uf": "PB",
            "estado": "Paraiba",
            "bairro": "Estados",
            "cidade": "João Pessoa",
            "pais": "Brasil",
            "observacao": null,
            "ibge": null
        }
    },
    {
        "model": "core.endereco",
        "pk": 32,
        "fields": {
            "cep": "59150530",
            "endereco": "Rua antônio Lopes Filho",
            "numero": "120",
            "complemento": null,
            "uf": "RN",
            "estado": "Rio Grande do Norte",
            "bairro": "Nova Parnamirim",
            "cidade": "Parnamirim",
            "pais": "Brasil",
            "observacao": null,
            "ibge": null
        }
    },
    {
        "model": "core.endereco",
        "pk": 33,
        "fields": {
            "cep": "24415050",
            "endereco": "Avenida Gouveia",
            "numero": "128",
            "complemento": null,
            "uf": "RJ",
            "estado": "Rio de Janeiro",
            "bairro": "Vila Lage",
            "cidade": "São Gonçalo",
            "pais": "Brasil",
            "observacao": null,
            "ibge": null
        }
    },
    {
        "model": "core.endereco",
        "pk": 34,
        "fields": {
            "cep": "68906140",
            "endereco": "Avenida Natal",
            "numero": "506",
            "complemento": null,
            "uf": "AP",
            "estado": "Amapá",
            "bairro": "Cabralzinho",
            "cidade": "Macápa",
            "pais": "Brasil",
            "observacao": null,
            "ibge": null
        }
    },
    {
        "model": "core.endereco",
        "pk": 35,
        "fields": {
            "cep": "60736",
            "endereco": "Rua Durvalina Guede de Almeida",
            "numero": "868",
            "complemento": null,
            "uf": "CE",
            "estado": "Ceará",
            "bairro": "Siqueira",
            "cidade": "Fortaleza",
            "pais": "Brasil",
            "observacao": null,
            "ibge": null
        }
    },
    {
        "model": "core.endereco",
        "pk": 36,
        "fields": {
            "cep": "60736",
            "endereco": "Rua Durvalina Guede de Almeida",
            "numero": "868",
            "complemento": null,
            "uf": "CE",
            "estado": "Ceará",
            "bairro": "Siqueira",
            "cidade": "Fortaleza",
            "pais": "Brasil",
            "observacao": null,
            "ibge": null
        }
    },
    {
        "model": "core.endereco",
        "pk": 37,
        "fields": {
            "cep": "68371160",
            "endereco": "Acesso Salim Mauad",
            "numero": "128",
            "complemento": null,
            "uf": "PA",
            "estado": "Pará",
            "bairro": "Centro",
            "cidade": "Altamira",
            "pais": "Brasil",
            "observacao": null,
            "ibge": null
        }
    },
    {
        "model": "core.endereco",
        "pk": 38,
        "fields": {
            "cep": "68371160",
            "endereco": "Acesso Salim Mauad",
            "numero": "128",
            "complemento": null,
            "uf": "PA",
            "estado": "Pará",
            "bairro": "Centro",
            "cidade": "Altamira",
            "pais": "Brasil",
            "observacao": null,
            "ibge": null
        }
    },
    {
        "model": "core.endereco",
        "pk": 39,
        "fields": {
            "cep": "20220303",
            "endereco": "Rua Santo Cristo",
            "numero": "641",
            "complemento": null,
            "uf": "RJ",
            "estado": "RJ",
            "bairro": "Santo Cristo",
            "cidade": "Rio de Janeiro",
            "pais": "Brasil",
            "observacao": null,
            "ibge": null
        }
    },
    {
        "model": "core.endereco",
        "pk": 40,
        "fields": {
            "cep": "20510170",
            "endereco": "Praça Barão de Corumbá",
            "numero": "781",
            "complemento": null,
            "uf": "RJ",
            "estado": "RJ",
            "bairro": "Tijuca",
            "cidade": "Rio de Janeiro",
            "pais": "Brasil",
            "observacao": null,
            "ibge": null
        }
    },
    {
        "model": "core.endereco",
        "pk": 41,
        "fields": {
            "cep": "23032152",
            "endereco": "Rua Alex Carrel",
            "numero": "411",
            "complemento": null,
            "uf": "RJ",
            "estado": "RJ",
            "bairro": "Guaratib",
            "cidade": "Rio de Janeiro",
            "pais": "Brasil",
            "observacao": null,
            "ibge": null
        }
    },
    {
        "model": "core.endereco",
        "pk": 42,
        "fields": {
            "cep": "23040130",
            "endereco": "Avenida Guarabu da Serra",
            "numero": "359",
            "complemento": null,
            "uf": "RJ",
            "estado": "RJ",
            "bairro": "Campo Grande",
            "cidade": "Rio de Janeiro",
            "pais": "Brasil",
            "observacao": null,
            "ibge": null
        }
    },
    {
        "model": "core.endereco",
        "pk": 43,
        "fields": {
            "cep": "21511130",
            "endereco": "Rua Dom Francisco de Campos",
            "numero": "503",
            "complemento": null,
            "uf": "RJ",
            "estado": "RJ",
            "bairro": "Honório Gurgel",
            "cidade": "Rio de Janeiro",
            "pais": "Brasil",
            "observacao": null,
            "ibge": null
        }
    },
    {
        "model": "core.endereco",
        "pk": 44,
        "fields": {
            "cep": "23075357",
            "endereco": "Rua Músico Dino Sete Cordas",
            "numero": "132",
            "complemento": "fundos",
            "uf": "RJ",
            "estado": "RJ",
            "bairro": "Campo Grande",
            "cidade": "Rio de Janeiro",
            "pais": "Brasil",
            "observacao": null,
            "ibge": null
        }
    },
    {
        "model": "core.endereco",
        "pk": 45,
        "fields": {
            "cep": "21616000",
            "endereco": "\"Rua Soldado-Expedicionário João Ferreira da Silva",
            "numero": "835",
            "complemento": "apT 201",
            "uf": "RJ",
            "estado": "RJ",
            "bairro": "Deodoro",
            "cidade": "Rio de Janeiro",
            "pais": "Brasil",
            "observacao": null,
            "ibge": null
        }
    },
    {
        "model": "core.endereco",
        "pk": 46,
        "fields": {
            "cep": "23540130",
            "endereco": "Rua Getúlio Vargas",
            "numero": "417",
            "complemento": "Loja D",
            "uf": "RJ",
            "estado": "RJ",
            "bairro": "Sepetiba",
            "cidade": "Rio de Janeiro",
            "pais": "Brasil",
            "observacao": null,
            "ibge": null
        }
    },
    {
        "model": "core.endereco",
        "pk": 47,
        "fields": {
            "cep": "21615570",
            "endereco": "Beco Silva Brandão",
            "numero": "209",
            "complemento": "Fundos",
            "uf": "RJ",
            "estado": "RJ",
            "bairro": "Deodoro",
            "cidade": "Rio de Janeiro",
            "pais": "Brasil",
            "observacao": null,
            "ibge": null
        }
    },
    {
        "model": "core.endereco",
        "pk": 48,
        "fields": {
            "cep": "22783114",
            "endereco": "Estrada dos Bandeirantes",
            "numero": "967",
            "complemento": "Fundos",
            "uf": "RJ",
            "estado": "RJ",
            "bairro": "Vargem pequena",
            "cidade": "Rio de Janeiro",
            "pais": "Brasil",
            "observacao": null,
            "ibge": null
        }
    },
    {
        "model": "core.endereco",
        "pk": 49,
        "fields": {
            "cep": "22451266",
            "endereco": "Estrada da Gávea",
            "numero": "331",
            "complemento": "Fundos",
            "uf": "RJ",
            "estado": "RJ",
            "bairro": "Gavea",
            "cidade": "Rio de Janeiro",
            "pais": "Brasil",
            "observacao": null,
            "ibge": null
        }
    },
    {
        "model": "core.endereco",
        "pk": 50,
        "fields": {
            "cep": "23087350",
            "endereco": "Rua Américo Fernandes",
            "numero": "426",
            "complemento": "apt 1001",
            "uf": "RJ",
            "estado": "RJ",
            "bairro": "Campo Grande",
            "cidade": "Rio de Janeiro",
            "pais": "Brasil",
            "observacao": null,
            "ibge": null
        }
    },
    {
        "model": "core.endereco",
        "pk": 51,
        "fields": {
            "cep": "22765590",
            "endereco": "Rua Monodora",
            "numero": "200",
            "complemento": "apt 303",
            "uf": null,
            "estado": "RJ",
            "bairro": "Campo Grande",
            "cidade": "Rio de Janeiro",
            "pais": "Brasil",
            "observacao": null,
            "ibge": null
        }
    },
    {
        "model": "core.endereco",
        "pk": 52,
        "fields": {
            "cep": "21030732",
            "endereco": "Rua Doutor Alberto Nepomuceno",
            "numero": "521",
            "complemento": "Fundos",
            "uf": "RJ",
            "estado": "RJ",
            "bairro": "Ramos",
            "cidade": "Rio de Janeiro",
            "pais": "Brasil",
            "observacao": null,
            "ibge": null
        }
    },
    {
        "model": "core.endereco",
        "pk": 53,
        "fields": {
            "cep": "21831270",
            "endereco": "Rua Bandeirante Lourdes Rocha",
            "numero": "344",
            "complemento": "apT 603",
            "uf": "RJ",
            "estado": "RJ",
            "bairro": "Senador Camará",
            "cidade": "Rio de Janeiro",
            "pais": "Brasil",
            "observacao": null,
            "ibge": null
        }
    },
    {
        "model": "core.endereco",
        "pk": 54,
        "fields": {
            "cep": "20770250",
            "endereco": "Travessa José Bonifácio",
            "numero": "618",
            "complemento": null,
            "uf": "RJ",
            "estado": "RJ",
            "bairro": "Todos os Santos",
            "cidade": "Rio de Janeiro",
            "pais": "Brasil",
            "observacao": null,
            "ibge": null
        }
    },
    {
        "model": "core.endereco",
        "pk": 55,
        "fields": {
            "cep": "22775006",
            "endereco": "Rua A",
            "numero": "482",
            "complemento": null,
            "uf": "RJ",
            "estado": "RJ",
            "bairro": "jacarepagua",
            "cidade": "Rio de Janeiro",
            "pais": "Brasil",
            "observacao": null,
            "ibge": null
        }
    },
    {
        "model": "core.endereco",
        "pk": 56,
        "fields": {
            "cep": "20950070",
            "endereco": "Rua Alzira Valdetaro",
            "numero": "232",
            "complemento": null,
            "uf": "RJ",
            "estado": "RJ",
            "bairro": "sampaio",
            "cidade": "Rio de Janeiro",
            "pais": "Brasil",
            "observacao": null,
            "ibge": null
        }
    },
    {
        "model": "core.pessoa",
        "pk": 3,
        "fields": {
            "nome": "Danilo soares",
            "cpf": "12463049899",
            "data_nascimento": "2000-06-26",
            "sexo": 1,
            "tel_cel": "21-990926985",
            "email": null,
            "gerente": false,
            "cliente": true,
            "func": false,
            "funcionario_ativo": true,
            "cliente_ativo": true,
            "gerente_ativo": false,
            "enderecos": [
                3
            ]
        }
    },
    {
        "model": "core.pessoa",
        "pk": 5,
        "fields": {
            "nome": "Kevin elias Fernandes",
            "cpf": "30225167700",
            "data_nascimento": "1999-05-20",
            "sexo": 1,
            "tel_cel": "21994305246",
            "email": null,
            "gerente": false,
            "cliente": true,
            "func": false,
            "funcionario_ativo": true,
            "cliente_ativo": true,
            "gerente_ativo": true,
            "enderecos": [
                6
            ]
        }
    },
    {
        "model": "core.pessoa",
        "pk": 6,
        "fields": {
            "nome": "Ruan Francisco Caio Brito",
            "cpf": "82346752738",
            "data_nascimento": "2001-04-02",
            "sexo": 1,
            "tel_cel": "21986511840",
            "email": null,
            "gerente": false,
            "cliente": true,
            "func": false,
            "funcionario_ativo": true,
            "cliente_ativo": true,
            "gerente_ativo": false,
            "enderecos": [
                7
            ]
        }
    },
    {
        "model": "core.pessoa",
        "pk": 7,
        "fields": {
            "nome": "Henrique Alexandre Barbosa",
            "cpf": "58714822792",
            "data_nascimento": "2005-11-04",
            "sexo": 1,
            "tel_cel": "21988538287",
            "email": null,
            "gerente": false,
            "cliente": true,
            "func": false,
            "funcionario_ativo": true,
            "cliente_ativo": false,
            "gerente_ativo": false,
            "enderecos": [
                8
            ]
        }
    },
    {
        "model": "core.pessoa",
        "pk": 8,
        "fields": {
            "nome": "Filipe Gustavo Fernando Mendes",
            "cpf": "69444737713",
            "data_nascimento": "2000-01-02",
            "sexo": 1,
            "tel_cel": "21985726512",
            "email": null,
            "gerente": false,
            "cliente": true,
            "func": false,
            "funcionario_ativo": true,
            "cliente_ativo": true,
            "gerente_ativo": true,
            "enderecos": [
                9
            ]
        }
    },
    {
        "model": "core.pessoa",
        "pk": 9,
        "fields": {
            "nome": "Caleb Márcio da Silva",
            "cpf": "911.961.011-40",
            "data_nascimento": "1958-03-07",
            "sexo": 1,
            "tel_cel": "(81) 3589-2737",
            "email": "(81) 99193-5337",
            "gerente": false,
            "cliente": true,
            "func": false,
            "funcionario_ativo": false,
            "cliente_ativo": false,
            "gerente_ativo": true,
            "enderecos": [
                10
            ]
        }
    },
    {
        "model": "core.pessoa",
        "pk": 10,
        "fields": {
            "nome": "Joaquim Yago Bento Lopes",
            "cpf": "98933669760",
            "data_nascimento": "2001-01-26",
            "sexo": 1,
            "tel_cel": "21982518646",
            "email": null,
            "gerente": false,
            "cliente": true,
            "func": false,
            "funcionario_ativo": true,
            "cliente_ativo": false,
            "gerente_ativo": true,
            "enderecos": [
                11
            ]
        }
    },
    {
        "model": "core.pessoa",
        "pk": 11,
        "fields": {
            "nome": "Nicolas Severino Nelson Brito",
            "cpf": "994.137.606-91",
            "data_nascimento": "1971-03-18",
            "sexo": 1,
            "tel_cel": "(67) 3933-2210",
            "email": "(67) 98275-7286",
            "gerente": false,
            "cliente": true,
            "func": false,
            "funcionario_ativo": false,
            "cliente_ativo": true,
            "gerente_ativo": true,
            "enderecos": [
                12
            ]
        }
    },
    {
        "model": "core.pessoa",
        "pk": 12,
        "fields": {
            "nome": "Gael Victor Leonardo Da Rosa",
            "cpf": "71087174767",
            "data_nascimento": "2000-03-18",
            "sexo": 1,
            "tel_cel": "21994912963",
            "email": null,
            "gerente": false,
            "cliente": true,
            "func": false,
            "funcionario_ativo": true,
            "cliente_ativo": true,
            "gerente_ativo": true,
            "enderecos": [
                13
            ]
        }
    },
    {
        "model": "core.pessoa",
        "pk": 13,
        "fields": {
            "nome": "João Giovanni Ryan Barros",
            "cpf": "570.571.084-43",
            "data_nascimento": "1967-05-16",
            "sexo": 1,
            "tel_cel": "(98) 3544-9498",
            "email": "(98) 99874-3395",
            "gerente": false,
            "cliente": true,
            "func": false,
            "funcionario_ativo": true,
            "cliente_ativo": true,
            "gerente_ativo": true,
            "enderecos": [
                14
            ]
        }
    },
    {
        "model": "core.pessoa",
        "pk": 14,
        "fields": {
            "nome": "Henrique Danilo Ryan Souza",
            "cpf": "976.778.958-83",
            "data_nascimento": "1961-01-01",
            "sexo": 1,
            "tel_cel": "(68) 3607-1429",
            "email": null,
            "gerente": false,
            "cliente": true,
            "func": false,
            "funcionario_ativo": false,
            "cliente_ativo": true,
            "gerente_ativo": true,
            "enderecos": [
                15
            ]
        }
    },
    {
        "model": "core.pessoa",
        "pk": 15,
        "fields": {
            "nome": "Vicente Carlos Eduardo Rezende",
            "cpf": "78672685709",
            "data_nascimento": "2001-08-10",
            "sexo": 1,
            "tel_cel": "21994437020",
            "email": null,
            "gerente": false,
            "cliente": true,
            "func": false,
            "funcionario_ativo": true,
            "cliente_ativo": true,
            "gerente_ativo": true,
            "enderecos": [
                16
            ]
        }
    },
    {
        "model": "core.pessoa",
        "pk": 16,
        "fields": {
            "nome": "Bryan Danilo Murilo Silveira",
            "cpf": "874.738.645-21",
            "data_nascimento": "1972-05-10",
            "sexo": 1,
            "tel_cel": "(64) 3725-3814",
            "email": "(64) 99303-8976",
            "gerente": false,
            "cliente": true,
            "func": false,
            "funcionario_ativo": true,
            "cliente_ativo": true,
            "gerente_ativo": false,
            "enderecos": [
                17
            ]
        }
    },
    {
        "model": "core.pessoa",
        "pk": 17,
        "fields": {
            "nome": "Vicente Cauê Moura",
            "cpf": "26210757707",
            "data_nascimento": "1993-03-14",
            "sexo": 1,
            "tel_cel": "21994548949",
            "email": null,
            "gerente": false,
            "cliente": true,
            "func": false,
            "funcionario_ativo": true,
            "cliente_ativo": true,
            "gerente_ativo": true,
            "enderecos": [
                18
            ]
        }
    },
    {
        "model": "core.pessoa",
        "pk": 18,
        "fields": {
            "nome": "Arthur Leando Roberto Dias",
            "cpf": "81056684321",
            "data_nascimento": "1987-06-11",
            "sexo": 1,
            "tel_cel": "(93)3824-3465",
            "email": null,
            "gerente": false,
            "cliente": true,
            "func": false,
            "funcionario_ativo": null,
            "cliente_ativo": true,
            "gerente_ativo": null,
            "enderecos": [
                19
            ]
        }
    },
    {
        "model": "core.pessoa",
        "pk": 19,
        "fields": {
            "nome": "Evelyz Elza da Paz",
            "cpf": "465126443-45",
            "data_nascimento": "1976-06-17",
            "sexo": 4,
            "tel_cel": null,
            "email": "(63) 3657-1919",
            "gerente": false,
            "cliente": true,
            "func": false,
            "funcionario_ativo": true,
            "cliente_ativo": true,
            "gerente_ativo": true,
            "enderecos": [
                20
            ]
        }
    },
    {
        "model": "core.pessoa",
        "pk": 20,
        "fields": {
            "nome": "Isabel Luciana Isabela da Rosa",
            "cpf": "085823750-42",
            "data_nascimento": "1995-02-03",
            "sexo": 2,
            "tel_cel": "(95) 3978-3338",
            "email": null,
            "gerente": false,
            "cliente": true,
            "func": false,
            "funcionario_ativo": true,
            "cliente_ativo": true,
            "gerente_ativo": true,
            "enderecos": [
                21
            ]
        }
    },
    {
        "model": "core.pessoa",
        "pk": 21,
        "fields": {
            "nome": "Allana Ester Nascimento",
            "cpf": "1343241533",
            "data_nascimento": "1998-05-18",
            "sexo": 2,
            "tel_cel": "(67) 3854-9654",
            "email": null,
            "gerente": false,
            "cliente": true,
            "func": false,
            "funcionario_ativo": true,
            "cliente_ativo": true,
            "gerente_ativo": true,
            "enderecos": [
                22
            ]
        }
    },
    {
        "model": "core.pessoa",
        "pk": 22,
        "fields": {
            "nome": "Carlos Eduardo Vitor Tiago da Cost",
            "cpf": "41127126695",
            "data_nascimento": "1949-02-22",
            "sexo": 1,
            "tel_cel": "(67)99449-2907",
            "email": null,
            "gerente": false,
            "cliente": true,
            "func": false,
            "funcionario_ativo": true,
            "cliente_ativo": true,
            "gerente_ativo": true,
            "enderecos": [
                23
            ]
        }
    },
    {
        "model": "core.pessoa",
        "pk": 23,
        "fields": {
            "nome": "Theo Diego Ricardo Nogueira",
            "cpf": "61053060246",
            "data_nascimento": "1994-07-07",
            "sexo": 1,
            "tel_cel": "(95)3909-7241",
            "email": null,
            "gerente": false,
            "cliente": true,
            "func": false,
            "funcionario_ativo": true,
            "cliente_ativo": true,
            "gerente_ativo": true,
            "enderecos": [
                24
            ]
        }
    },
    {
        "model": "core.pessoa",
        "pk": 24,
        "fields": {
            "nome": "Sebastiana Nair Bernades",
            "cpf": "13099199095",
            "data_nascimento": "1943-09-25",
            "sexo": 2,
            "tel_cel": "(96) 98323-5358",
            "email": null,
            "gerente": false,
            "cliente": true,
            "func": false,
            "funcionario_ativo": true,
            "cliente_ativo": true,
            "gerente_ativo": true,
            "enderecos": [
                25
            ]
        }
    },
    {
        "model": "core.pessoa",
        "pk": 25,
        "fields": {
            "nome": "Vinicius Cauã Gonçalves",
            "cpf": "79304653061",
            "data_nascimento": "1990-10-03",
            "sexo": 1,
            "tel_cel": "(84)99970-2868",
            "email": null,
            "gerente": false,
            "cliente": true,
            "func": false,
            "funcionario_ativo": true,
            "cliente_ativo": true,
            "gerente_ativo": true,
            "enderecos": [
                27
            ]
        }
    },
    {
        "model": "core.pessoa",
        "pk": 26,
        "fields": {
            "nome": "Sophia Sônia Rebeca Moraes",
            "cpf": "85098957915",
            "data_nascimento": "1968-02-19",
            "sexo": 2,
            "tel_cel": "(47)99174-8444",
            "email": null,
            "gerente": false,
            "cliente": true,
            "func": false,
            "funcionario_ativo": true,
            "cliente_ativo": true,
            "gerente_ativo": true,
            "enderecos": [
                28
            ]
        }
    },
    {
        "model": "core.pessoa",
        "pk": 27,
        "fields": {
            "nome": "Enrico Carlos Eduardo da Mota",
            "cpf": "82567402993",
            "data_nascimento": "1991-09-19",
            "sexo": 1,
            "tel_cel": "(67) 3764-2351",
            "email": null,
            "gerente": false,
            "cliente": true,
            "func": false,
            "funcionario_ativo": true,
            "cliente_ativo": true,
            "gerente_ativo": true,
            "enderecos": [
                29
            ]
        }
    },
    {
        "model": "core.pessoa",
        "pk": 28,
        "fields": {
            "nome": "Elaine Marlene Costa",
            "cpf": "29956580589",
            "data_nascimento": "1991-06-12",
            "sexo": 2,
            "tel_cel": "(55)3506-7735",
            "email": null,
            "gerente": false,
            "cliente": true,
            "func": false,
            "funcionario_ativo": true,
            "cliente_ativo": true,
            "gerente_ativo": true,
            "enderecos": [
                30
            ]
        }
    },
    {
        "model": "core.pessoa",
        "pk": 29,
        "fields": {
            "nome": "Elaine Marlene Costa",
            "cpf": "29956580589",
            "data_nascimento": "1991-06-12",
            "sexo": 2,
            "tel_cel": "(55)3506-7735",
            "email": null,
            "gerente": false,
            "cliente": true,
            "func": false,
            "funcionario_ativo": true,
            "cliente_ativo": true,
            "gerente_ativo": true,
            "enderecos": [
                30
            ]
        }
    },
    {
        "model": "core.pessoa",
        "pk": 30,
        "fields": {
            "nome": "Lara Isabella Bruna da Mota",
            "cpf": "85894905648",
            "data_nascimento": "1961-04-08",
            "sexo": 2,
            "tel_cel": "(83)99672-2456",
            "email": null,
            "gerente": false,
            "cliente": true,
            "func": false,
            "funcionario_ativo": true,
            "cliente_ativo": true,
            "gerente_ativo": true,
            "enderecos": [
                31
            ]
        }
    },
    {
        "model": "core.pessoa",
        "pk": 31,
        "fields": {
            "nome": "Victor Joaquim Cauã Silva",
            "cpf": "53435781440",
            "data_nascimento": "1959-03-15",
            "sexo": 1,
            "tel_cel": "(84)98118-7055",
            "email": null,
            "gerente": false,
            "cliente": true,
            "func": false,
            "funcionario_ativo": true,
            "cliente_ativo": true,
            "gerente_ativo": true,
            "enderecos": [
                32
            ]
        }
    },
    {
        "model": "core.pessoa",
        "pk": 32,
        "fields": {
            "nome": "Ayla Maitê Corte Real",
            "cpf": "59578273800",
            "data_nascimento": "1957-02-11",
            "sexo": 2,
            "tel_cel": "(21)98299-8474",
            "email": null,
            "gerente": false,
            "cliente": true,
            "func": false,
            "funcionario_ativo": true,
            "cliente_ativo": true,
            "gerente_ativo": true,
            "enderecos": [
                33
            ]
        }
    },
    {
        "model": "core.pessoa",
        "pk": 33,
        "fields": {
            "nome": "Alícia Antonella Bernades",
            "cpf": "94294131551",
            "data_nascimento": "1973-07-26",
            "sexo": 2,
            "tel_cel": "(96)98873-2927",
            "email": null,
            "gerente": false,
            "cliente": true,
            "func": false,
            "funcionario_ativo": true,
            "cliente_ativo": true,
            "gerente_ativo": true,
            "enderecos": [
                34
            ]
        }
    },
    {
        "model": "core.pessoa",
        "pk": 34,
        "fields": {
            "nome": "Stefany Sophia Gonçalves",
            "cpf": "01784087785",
            "data_nascimento": "1942-08-10",
            "sexo": 2,
            "tel_cel": "(85)999296107",
            "email": null,
            "gerente": false,
            "cliente": true,
            "func": false,
            "funcionario_ativo": true,
            "cliente_ativo": true,
            "gerente_ativo": true,
            "enderecos": [
                36
            ]
        }
    },
    {
        "model": "core.pessoa",
        "pk": 35,
        "fields": {
            "nome": "Mariane Heloisa Santos",
            "cpf": "03223943684",
            "data_nascimento": "1985-01-15",
            "sexo": 2,
            "tel_cel": "(93)99532-7836",
            "email": null,
            "gerente": false,
            "cliente": true,
            "func": false,
            "funcionario_ativo": true,
            "cliente_ativo": true,
            "gerente_ativo": true,
            "enderecos": [
                38
            ]
        }
    },
    {
        "model": "core.pessoa",
        "pk": 36,
        "fields": {
            "nome": "Tiago Murilo da Silva",
            "cpf": "81975423763",
            "data_nascimento": "1974-01-27",
            "sexo": 1,
            "tel_cel": "(21)97699-9495",
            "email": null,
            "gerente": false,
            "cliente": true,
            "func": false,
            "funcionario_ativo": true,
            "cliente_ativo": true,
            "gerente_ativo": false,
            "enderecos": [
                39
            ]
        }
    },
    {
        "model": "core.pessoa",
        "pk": 37,
        "fields": {
            "nome": "Manoel Edson da Mata",
            "cpf": "68219760745",
            "data_nascimento": "2008-02-11",
            "sexo": 1,
            "tel_cel": "21994872526",
            "email": null,
            "gerente": false,
            "cliente": false,
            "func": false,
            "funcionario_ativo": true,
            "cliente_ativo": true,
            "gerente_ativo": true,
            "enderecos": [
                40
            ]
        }
    },
    {
        "model": "core.pessoa",
        "pk": 38,
        "fields": {
            "nome": "Osvaldo Ricardo Santos",
            "cpf": "54647420779",
            "data_nascimento": "1995-01-27",
            "sexo": 1,
            "tel_cel": "21982117018",
            "email": null,
            "gerente": false,
            "cliente": true,
            "func": false,
            "funcionario_ativo": false,
            "cliente_ativo": true,
            "gerente_ativo": true,
            "enderecos": [
                41
            ]
        }
    },
    {
        "model": "core.pessoa",
        "pk": 39,
        "fields": {
            "nome": "Oliver Iago Fogaça",
            "cpf": "08310437765",
            "data_nascimento": "2010-10-04",
            "sexo": 1,
            "tel_cel": "21984190551",
            "email": null,
            "gerente": false,
            "cliente": true,
            "func": false,
            "funcionario_ativo": true,
            "cliente_ativo": true,
            "gerente_ativo": true,
            "enderecos": [
                42
            ]
        }
    },
    {
        "model": "core.pessoa",
        "pk": 40,
        "fields": {
            "nome": "Daniel Fernando Sales",
            "cpf": "12466666774",
            "data_nascimento": "2014-04-06",
            "sexo": 1,
            "tel_cel": "21997224367",
            "email": null,
            "gerente": false,
            "cliente": true,
            "func": false,
            "funcionario_ativo": true,
            "cliente_ativo": false,
            "gerente_ativo": true,
            "enderecos": [
                43
            ]
        }
    },
    {
        "model": "core.pessoa",
        "pk": 41,
        "fields": {
            "nome": "Felipe Yago Carvalho",
            "cpf": "40178486728",
            "data_nascimento": "2000-01-25",
            "sexo": 1,
            "tel_cel": "21997939441",
            "email": null,
            "gerente": true,
            "cliente": false,
            "func": true,
            "funcionario_ativo": true,
            "cliente_ativo": true,
            "gerente_ativo": true,
            "enderecos": [
                44
            ]
        }
    },
    {
        "model": "core.pessoa",
        "pk": 42,
        "fields": {
            "nome": "Yuri Emanuel Lima",
            "cpf": "09979273720",
            "data_nascimento": "2000-03-13",
            "sexo": 1,
            "tel_cel": "21995303265",
            "email": null,
            "gerente": false,
            "cliente": false,
            "func": true,
            "funcionario_ativo": true,
            "cliente_ativo": false,
            "gerente_ativo": false,
            "enderecos": [
                45
            ]
        }
    },
    {
        "model": "core.pessoa",
        "pk": 43,
        "fields": {
            "nome": "Eduardo Manuel da Mota",
            "cpf": "75470773744",
            "data_nascimento": "1980-11-04",
            "sexo": 1,
            "tel_cel": "21999429492",
            "email": null,
            "gerente": false,
            "cliente": true,
            "func": false,
            "funcionario_ativo": true,
            "cliente_ativo": false,
            "gerente_ativo": true,
            "enderecos": [
                46
            ]
        }
    },
    {
        "model": "core.pessoa",
        "pk": 44,
        "fields": {
            "nome": "Raimundo Igor Oliveira",
            "cpf": "46345765708",
            "data_nascimento": "1999-02-25",
            "sexo": 1,
            "tel_cel": "21997326187",
            "email": null,
            "gerente": false,
            "cliente": true,
            "func": false,
            "funcionario_ativo": true,
            "cliente_ativo": true,
            "gerente_ativo": true,
            "enderecos": [
                47
            ]
        }
    },
    {
        "model": "core.pessoa",
        "pk": 45,
        "fields": {
            "nome": "Gabriel Noah Cláudio da Luz",
            "cpf": "33291617797",
            "data_nascimento": "1998-07-15",
            "sexo": 1,
            "tel_cel": "21998625788",
            "email": null,
            "gerente": false,
            "cliente": false,
            "func": true,
            "funcionario_ativo": true,
            "cliente_ativo": false,
            "gerente_ativo": false,
            "enderecos": [
                48
            ]
        }
    },
    {
        "model": "core.pessoa",
        "pk": 46,
        "fields": {
            "nome": "Benedito Sebastião Cardoso",
            "cpf": "51048295702",
            "data_nascimento": "2010-03-18",
            "sexo": 1,
            "tel_cel": "21985109237",
            "email": null,
            "gerente": false,
            "cliente": true,
            "func": false,
            "funcionario_ativo": true,
            "cliente_ativo": true,
            "gerente_ativo": true,
            "enderecos": [
                3,
                49
            ]
        }
    },
    {
        "model": "core.pessoa",
        "pk": 47,
        "fields": {
            "nome": "Sérgio Lucas Anderson dos Santos",
            "cpf": "85837829709",
            "data_nascimento": "2005-10-18",
            "sexo": 1,
            "tel_cel": "21988862262",
            "email": null,
            "gerente": true,
            "cliente": true,
            "func": false,
            "funcionario_ativo": true,
            "cliente_ativo": false,
            "gerente_ativo": false,
            "enderecos": [
                50
            ]
        }
    },
    {
        "model": "core.pessoa",
        "pk": 48,
        "fields": {
            "nome": "Rua Américo Fernandes",
            "cpf": "85837829709",
            "data_nascimento": "1994-10-18",
            "sexo": 4,
            "tel_cel": null,
            "email": null,
            "gerente": false,
            "cliente": false,
            "func": true,
            "funcionario_ativo": true,
            "cliente_ativo": false,
            "gerente_ativo": false,
            "enderecos": [
                51
            ]
        }
    },
    {
        "model": "core.pessoa",
        "pk": 49,
        "fields": {
            "nome": "Breno Anthony da Paz",
            "cpf": "47285057746",
            "data_nascimento": "2006-11-15",
            "sexo": 1,
            "tel_cel": "21987700853",
            "email": null,
            "gerente": false,
            "cliente": true,
            "func": false,
            "funcionario_ativo": false,
            "cliente_ativo": true,
            "gerente_ativo": false,
            "enderecos": [
                52
            ]
        }
    },
    {
        "model": "core.pessoa",
        "pk": 50,
        "fields": {
            "nome": "Anderson André Fogaça",
            "cpf": "76144253750",
            "data_nascimento": "1999-10-08",
            "sexo": 1,
            "tel_cel": "21999032261",
            "email": null,
            "gerente": false,
            "cliente": true,
            "func": false,
            "funcionario_ativo": true,
            "cliente_ativo": true,
            "gerente_ativo": true,
            "enderecos": [
                53
            ]
        }
    },
    {
        "model": "core.pessoa",
        "pk": 51,
        "fields": {
            "nome": "Gabriel Martinusso",
            "cpf": "92472515758",
            "data_nascimento": "2001-04-12",
            "sexo": 1,
            "tel_cel": "21998007156",
            "email": null,
            "gerente": false,
            "cliente": false,
            "func": false,
            "funcionario_ativo": true,
            "cliente_ativo": true,
            "gerente_ativo": true,
            "enderecos": [
                54
            ]
        }
    },
    {
        "model": "core.pessoa",
        "pk": 52,
        "fields": {
            "nome": "Guilherme almeida",
            "cpf": "00781752752",
            "data_nascimento": "2000-02-29",
            "sexo": 1,
            "tel_cel": "21994601519",
            "email": null,
            "gerente": false,
            "cliente": true,
            "func": false,
            "funcionario_ativo": true,
            "cliente_ativo": true,
            "gerente_ativo": true,
            "enderecos": [
                55
            ]
        }
    },
    {
        "model": "core.pessoa",
        "pk": 53,
        "fields": {
            "nome": "Julio Sérgio Henrique Assis",
            "cpf": "04898590705",
            "data_nascimento": "1985-10-22",
            "sexo": 1,
            "tel_cel": "21981216422",
            "email": null,
            "gerente": false,
            "cliente": true,
            "func": false,
            "funcionario_ativo": true,
            "cliente_ativo": false,
            "gerente_ativo": false,
            "enderecos": [
                56
            ]
        }
    },
    {
        "model": "core.pessoa",
        "pk": 54,
        "fields": {
            "nome": "Funcionario Principal",
            "cpf": "00000000000000",
            "data_nascimento": "2021-10-20",
            "sexo": 1,
            "tel_cel": "21996725034",
            "email": null,
            "gerente": false,
            "cliente": false,
            "func": true,
            "funcionario_ativo": true,
            "cliente_ativo": true,
            "gerente_ativo": true,
            "enderecos": [
                23
            ]
        }
    },
    {
        "model": "core.agendamento",
        "pk": 2,
        "fields": {
            "data": "2021-10-20T21:12:40Z",
            "status": 4,
            "cliente": [
                3
            ],
            "funcionario": [
                54
            ],
            "pagamentos": [
                2
            ],
            "servicos": [
                4
            ]
        }
    },
    {
        "model": "core.agendamento",
        "pk": 3,
        "fields": {
            "data": "2021-10-20T21:13:10Z",
            "status": 4,
            "cliente": [
                52
            ],
            "funcionario": [
                54
            ],
            "pagamentos": [
                3
            ],
            "servicos": [
                5
            ]
        }
    },
    {
        "model": "core.agendamento",
        "pk": 4,
        "fields": {
            "data": "2021-10-20T21:24:14Z",
            "status": 4,
            "cliente": [
                53
            ],
            "funcionario": [
                54
            ],
            "pagamentos": [
                5
            ],
            "servicos": [
                6
            ]
        }
    },
    {
        "model": "core.agendamento",
        "pk": 5,
        "fields": {
            "data": "2021-10-20T21:28:07Z",
            "status": 4,
            "cliente": [
                51
            ],
            "funcionario": [
                54
            ],
            "pagamentos": [
                6
            ],
            "servicos": [
                5
            ]
        }
    },
    {
        "model": "core.agendamento",
        "pk": 6,
        "fields": {
            "data": "2021-10-20T21:28:26Z",
            "status": 4,
            "cliente": [
                50
            ],
            "funcionario": [
                54
            ],
            "pagamentos": [
                7
            ],
            "servicos": [
                6
            ]
        }
    },
    {
        "model": "core.agendamento",
        "pk": 7,
        "fields": {
            "data": "2021-10-20T21:28:54Z",
            "status": 4,
            "cliente": [
                49
            ],
            "funcionario": [
                54
            ],
            "pagamentos": [
                8
            ],
            "servicos": [
                4
            ]
        }
    },
    {
        "model": "core.agendamento",
        "pk": 8,
        "fields": {
            "data": "2021-10-20T21:29:27Z",
            "status": 4,
            "cliente": [
                48
            ],
            "funcionario": [
                54
            ],
            "pagamentos": [
                9
            ],
            "servicos": [
                5
            ]
        }
    },
    {
        "model": "core.agendamento",
        "pk": 9,
        "fields": {
            "data": "2021-10-20T21:29:54Z",
            "status": 4,
            "cliente": [
                47
            ],
            "funcionario": [
                54
            ],
            "pagamentos": [
                10
            ],
            "servicos": [
                6
            ]
        }
    },
    {
        "model": "core.agendamento",
        "pk": 10,
        "fields": {
            "data": "2021-10-20T21:29:56Z",
            "status": 4,
            "cliente": [
                46
            ],
            "funcionario": [
                54
            ],
            "pagamentos": [
                11
            ],
            "servicos": [
                6
            ]
        }
    },
    {
        "model": "core.agendamento",
        "pk": 11,
        "fields": {
            "data": "2021-10-20T21:30:17Z",
            "status": 4,
            "cliente": [
                45
            ],
            "funcionario": [
                54
            ],
            "pagamentos": [
                12
            ],
            "servicos": [
                5
            ]
        }
    },
    {
        "model": "core.agendamento",
        "pk": 12,
        "fields": {
            "data": "2021-10-20T21:30:58Z",
            "status": 4,
            "cliente": [
                44
            ],
            "funcionario": [
                54
            ],
            "pagamentos": [
                13
            ],
            "servicos": [
                5
            ]
        }
    },
    {
        "model": "core.agendamento",
        "pk": 13,
        "fields": {
            "data": "2021-10-20T21:31:41Z",
            "status": 4,
            "cliente": [
                43
            ],
            "funcionario": [
                54
            ],
            "pagamentos": [
                14
            ],
            "servicos": [
                4
            ]
        }
    },
    {
        "model": "core.agendamento",
        "pk": 14,
        "fields": {
            "data": "2021-10-20T21:32:01Z",
            "status": 4,
            "cliente": [
                42
            ],
            "funcionario": [
                54
            ],
            "pagamentos": [
                15
            ],
            "servicos": [
                5
            ]
        }
    },
    {
        "model": "core.agendamento",
        "pk": 15,
        "fields": {
            "data": "2021-10-20T21:32:31Z",
            "status": 4,
            "cliente": [
                41
            ],
            "funcionario": [
                54
            ],
            "pagamentos": [
                16
            ],
            "servicos": [
                5
            ]
        }
    },
    {
        "model": "core.agendamento",
        "pk": 16,
        "fields": {
            "data": "2021-10-20T21:32:54Z",
            "status": 4,
            "cliente": [
                40
            ],
            "funcionario": [
                54
            ],
            "pagamentos": [
                17
            ],
            "servicos": [
                5
            ]
        }
    },
    {
        "model": "core.agendamento",
        "pk": 17,
        "fields": {
            "data": "2021-10-20T21:29:27Z",
            "status": 4,
            "cliente": [
                3
            ],
            "funcionario": [
                54
            ],
            "pagamentos": [
                19
            ],
            "servicos": [
                5
            ]
        }
    },
    {
        "model": "core.agendamento",
        "pk": 18,
        "fields": {
            "data": "2021-10-20T21:33:46Z",
            "status": 4,
            "cliente": [
                39
            ],
            "funcionario": [
                54
            ],
            "pagamentos": [
                18
            ],
            "servicos": [
                5
            ]
        }
    },
    {
        "model": "core.agendamento",
        "pk": 19,
        "fields": {
            "data": "2021-10-20T21:34:59Z",
            "status": 4,
            "cliente": [
                5
            ],
            "funcionario": [
                54
            ],
            "pagamentos": [
                19
            ],
            "servicos": [
                5
            ]
        }
    },
    {
        "model": "core.agendamento",
        "pk": 20,
        "fields": {
            "data": "2021-10-20T21:44:44Z",
            "status": 5,
            "cliente": [],
            "funcionario": [],
            "pagamentos": [],
            "servicos": []
        }
    },
    {
        "model": "core.agendamento",
        "pk": 21,
        "fields": {
            "data": "2021-10-20T21:45:00Z",
            "status": 4,
            "cliente": [
                10
            ],
            "funcionario": [
                54
            ],
            "pagamentos": [
                19
            ],
            "servicos": [
                5
            ]
        }
    },
    {
        "model": "core.agendamento",
        "pk": 22,
        "fields": {
            "data": "2021-10-20T21:45:15Z",
            "status": 4,
            "cliente": [
                38
            ],
            "funcionario": [
                54
            ],
            "pagamentos": [
                19
            ],
            "servicos": [
                4
            ]
        }
    },
    {
        "model": "core.agendamento",
        "pk": 23,
        "fields": {
            "data": "2021-10-20T21:46:03Z",
            "status": 4,
            "cliente": [
                26
            ],
            "funcionario": [
                54
            ],
            "pagamentos": [
                19
            ],
            "servicos": [
                6
            ]
        }
    },
    {
        "model": "core.agendamento",
        "pk": 24,
        "fields": {
            "data": "2021-10-20T21:46:22Z",
            "status": 4,
            "cliente": [
                38
            ],
            "funcionario": [
                54
            ],
            "pagamentos": [
                19
            ],
            "servicos": [
                5
            ]
        }
    },
    {
        "model": "core.agendamento",
        "pk": 25,
        "fields": {
            "data": "2021-10-20T21:47:26Z",
            "status": 5,
            "cliente": [
                26
            ],
            "funcionario": [
                54
            ],
            "pagamentos": [
                20
            ],
            "servicos": [
                5
            ]
        }
    },
    {
        "model": "core.agendamento",
        "pk": 26,
        "fields": {
            "data": "2021-10-20T21:47:45Z",
            "status": 4,
            "cliente": [
                34
            ],
            "funcionario": [
                54
            ],
            "pagamentos": [
                19
            ],
            "servicos": [
                5
            ]
        }
    },
    {
        "model": "core.agendamento",
        "pk": 27,
        "fields": {
            "data": "2021-10-20T21:43:51Z",
            "status": 4,
            "cliente": [
                53
            ],
            "funcionario": [
                54
            ],
            "pagamentos": [
                19
            ],
            "servicos": [
                6
            ]
        }
    },
    {
        "model": "core.agendamento",
        "pk": 28,
        "fields": {
            "data": "2021-10-20T21:49:53Z",
            "status": 4,
            "cliente": [
                52
            ],
            "funcionario": [
                54
            ],
            "pagamentos": [
                19
            ],
            "servicos": [
                4
            ]
        }
    },
    {
        "model": "core.agendamento",
        "pk": 29,
        "fields": {
            "data": "2021-10-20T21:48:02Z",
            "status": 4,
            "cliente": [
                44
            ],
            "funcionario": [
                54
            ],
            "pagamentos": [
                19
            ],
            "servicos": [
                4
            ]
        }
    },
    {
        "model": "core.agendamento",
        "pk": 30,
        "fields": {
            "data": "2021-10-20T21:50:12Z",
            "status": 4,
            "cliente": [
                51
            ],
            "funcionario": [
                54
            ],
            "pagamentos": [
                19
            ],
            "servicos": [
                5
            ]
        }
    },
    {
        "model": "core.agendamento",
        "pk": 31,
        "fields": {
            "data": "2021-10-20T21:50:23Z",
            "status": 4,
            "cliente": [
                19
            ],
            "funcionario": [
                54
            ],
            "pagamentos": [
                19
            ],
            "servicos": [
                5
            ]
        }
    },
    {
        "model": "core.agendamento",
        "pk": 32,
        "fields": {
            "data": "2021-10-20T21:50:27Z",
            "status": 4,
            "cliente": [
                50
            ],
            "funcionario": [
                54
            ],
            "pagamentos": [
                19
            ],
            "servicos": [
                5
            ]
        }
    },
    {
        "model": "core.agendamento",
        "pk": 33,
        "fields": {
            "data": "2021-10-20T21:50:47Z",
            "status": 4,
            "cliente": [
                50
            ],
            "funcionario": [
                54
            ],
            "pagamentos": [
                19
            ],
            "servicos": [
                6
            ]
        }
    },
    {
        "model": "core.agendamento",
        "pk": 34,
        "fields": {
            "data": "2021-10-20T21:51:19Z",
            "status": 4,
            "cliente": [
                48
            ],
            "funcionario": [
                54
            ],
            "pagamentos": [
                19
            ],
            "servicos": [
                6
            ]
        }
    },
    {
        "model": "core.agendamento",
        "pk": 35,
        "fields": {
            "data": "2021-10-20T21:51:34Z",
            "status": 4,
            "cliente": [
                47
            ],
            "funcionario": [
                54
            ],
            "pagamentos": [
                19
            ],
            "servicos": [
                5
            ]
        }
    },
    {
        "model": "core.agendamento",
        "pk": 36,
        "fields": {
            "data": "2021-10-20T21:51:49Z",
            "status": 4,
            "cliente": [
                46
            ],
            "funcionario": [
                54
            ],
            "pagamentos": [
                19
            ],
            "servicos": [
                6
            ]
        }
    },
    {
        "model": "core.agendamento",
        "pk": 37,
        "fields": {
            "data": "2021-10-20T21:52:05Z",
            "status": 4,
            "cliente": [
                47
            ],
            "funcionario": [
                54
            ],
            "pagamentos": [
                20
            ],
            "servicos": [
                5
            ]
        }
    },
    {
        "model": "core.agendamento",
        "pk": 38,
        "fields": {
            "data": "2021-10-20T21:52:23Z",
            "status": 4,
            "cliente": [
                46
            ],
            "funcionario": [
                54
            ],
            "pagamentos": [
                19
            ],
            "servicos": [
                6
            ]
        }
    },
    {
        "model": "core.agendamento",
        "pk": 39,
        "fields": {
            "data": "2021-10-20T21:52:41Z",
            "status": 4,
            "cliente": [
                45
            ],
            "funcionario": [
                54
            ],
            "pagamentos": [
                19
            ],
            "servicos": [
                5
            ]
        }
    },
    {
        "model": "core.agendamento",
        "pk": 40,
        "fields": {
            "data": "2021-10-20T21:53:05Z",
            "status": 4,
            "cliente": [
                44
            ],
            "funcionario": [
                54
            ],
            "pagamentos": [
                19
            ],
            "servicos": [
                6
            ]
        }
    },
    {
        "model": "core.agendamento",
        "pk": 41,
        "fields": {
            "data": "2021-10-20T21:53:21Z",
            "status": 4,
            "cliente": [
                43
            ],
            "funcionario": [
                54
            ],
            "pagamentos": [
                19
            ],
            "servicos": [
                6
            ]
        }
    },
    {
        "model": "core.agendamento",
        "pk": 42,
        "fields": {
            "data": "2021-10-20T21:53:45Z",
            "status": 4,
            "cliente": [
                31
            ],
            "funcionario": [
                54
            ],
            "pagamentos": [
                19
            ],
            "servicos": [
                5
            ]
        }
    },
    {
        "model": "core.agendamento",
        "pk": 43,
        "fields": {
            "data": "2021-10-20T21:54:08Z",
            "status": 4,
            "cliente": [
                40
            ],
            "funcionario": [
                54
            ],
            "pagamentos": [
                19
            ],
            "servicos": [
                6
            ]
        }
    },
    {
        "model": "core.agendamento",
        "pk": 44,
        "fields": {
            "data": "2021-10-20T21:54:23Z",
            "status": 4,
            "cliente": [
                39
            ],
            "funcionario": [
                54
            ],
            "pagamentos": [
                19
            ],
            "servicos": [
                6
            ]
        }
    },
    {
        "model": "core.agendamento",
        "pk": 45,
        "fields": {
            "data": "2021-10-20T21:54:41Z",
            "status": 4,
            "cliente": [
                43
            ],
            "funcionario": [
                54
            ],
            "pagamentos": [
                19
            ],
            "servicos": [
                6
            ]
        }
    },
    {
        "model": "core.agendamento",
        "pk": 46,
        "fields": {
            "data": "2021-10-20T21:55:01Z",
            "status": 4,
            "cliente": [
                43
            ],
            "funcionario": [
                54
            ],
            "pagamentos": [
                19
            ],
            "servicos": [
                6
            ]
        }
    },
    {
        "model": "core.agendamento",
        "pk": 47,
        "fields": {
            "data": "2021-10-20T21:55:21Z",
            "status": 4,
            "cliente": [
                40
            ],
            "funcionario": [
                54
            ],
            "pagamentos": [
                19
            ],
            "servicos": [
                6
            ]
        }
    },
    {
        "model": "core.agendamento",
        "pk": 48,
        "fields": {
            "data": "2021-10-20T21:55:40Z",
            "status": 4,
            "cliente": [
                38
            ],
            "funcionario": [
                54
            ],
            "pagamentos": [
                19
            ],
            "servicos": [
                6
            ]
        }
    },
    {
        "model": "core.agendamento",
        "pk": 49,
        "fields": {
            "data": "2021-10-20T21:50:39Z",
            "status": 4,
            "cliente": [
                21
            ],
            "funcionario": [
                54
            ],
            "pagamentos": [
                19
            ],
            "servicos": [
                5
            ]
        }
    },
    {
        "model": "core.agendamento",
        "pk": 50,
        "fields": {
            "data": "2021-10-20T21:55:53Z",
            "status": 5,
            "cliente": [
                33
            ],
            "funcionario": [
                54
            ],
            "pagamentos": [
                19
            ],
            "servicos": [
                6
            ]
        }
    },
    {
        "model": "core.agendamento",
        "pk": 51,
        "fields": {
            "data": "2021-10-20T21:56:05Z",
            "status": 5,
            "cliente": [
                30
            ],
            "funcionario": [
                54
            ],
            "pagamentos": [
                19
            ],
            "servicos": [
                6
            ]
        }
    },
    {
        "model": "core.agendamento",
        "pk": 52,
        "fields": {
            "data": "2021-10-20T21:56:08Z",
            "status": 4,
            "cliente": [
                9
            ],
            "funcionario": [
                54
            ],
            "pagamentos": [
                19
            ],
            "servicos": [
                6
            ]
        }
    }
]